"","queID","species.identified","P(Bk)","min(P(EK))","P(Ek)","Prob(Sid).TSI","Prob(Sid).CI.unc"
"1","BHS170801.S6","Lasiocampidae_Gastropacha_quercifolia","1","0.72","1","1","1"
"2","BHS170801.S7","Lasiocampidae_Gastropacha_populifolia","1","0.986","1","1","1"
"3","DLS110709.064","Lasiocampidae_Malacosoma_neustria","1","1","1","1","1"
"4","DLS170725.S2","Lasiocampidae_Gastropacha_quercifolia","1","0.72","1","1","1"
"5","GDYS150719.001","Lasiocampidae_Euthrix_isocyma","1","1","0.64","0.64","0.64"
"6","GDYS150720.0060","Lasiocampidae_Dendrolimus_punctatus","1","1","1","1","1"
"7","GDYS150720.0062","Lasiocampidae_Paralebeda_femorata","1","1","1","1","1"
"8","GDYS150720.0066","Lasiocampidae_Dendrolimus_kikuchii","1","1","1","1","1"
"9","GDYS150720.0067","Lasiocampidae_Odonestis_pruni","0.9998","1","1","1","0.9998"
"10","GDYS150720.0068","Lasiocampidae_Odonestis_pruni","1","1","1","1","1"
"11","GJWS150723.001","Lasiocampidae_Dendrolimus_punctatus","0.99","1","1","1","0.99"
"12","GJWS150723.002","Lasiocampidae_Dendrolimus_punctatus","0.99","1","1","1","0.99"
"13","GJWS150723.007","Lasiocampidae_Paralebeda_femorata","1","1","1","1","1"
"14","GJWS150724.003","Lasiocampidae_Dendrolimus_kikuchii","1","1","1","1","1"
"15","GJWS150724.009","Lasiocampidae_Odonestis_pruni","1","1","1","1","1"
"16","GJWS150725.001","Lasiocampidae_Trabala_vishnou","1","1","1","1","1"
"17","GJWS150725.003","Lasiocampidae_Paralebeda_femorata","1","1","1","1","1"
"18","GJWS150725.006","Lasiocampidae_Dendrolimus_kikuchii","1","1","1","1","1"
"19","GJWS150725.008","Lasiocampidae_Dendrolimus_kikuchii","1","1","1","1","1"
"20","GLHS150721.004","Lasiocampidae_Trabala_vishnou","1","1","1","1","1"
"21","GLHS150721.008","Lasiocampidae_Paralebeda_femorata","1","1","1","1","1"
"22","GLHS150721.012","Lasiocampidae_Odonestis_pruni","1","1","1","1","1"
"23","GLHS150721.019","Lasiocampidae_Euthrix_laeta","1","1","1","1","1"
"24","GLHS150721.026","Lasiocampidae_Dendrolimus_punctatus","0.99","1","1","1","0.99"
"25","GMES150723.008","Lasiocampidae_Paralebeda_femorata","1","1","1","1","1"
"26","GMES150725.007","Lasiocampidae_Dendrolimus_kikuchii","1","1","1","1","1"
"27","GNG170416.0002","Lasiocampidae_Euthrix_laeta","1","1","0.994","0.994","0.994"
"28","GNG170416.0004","Lasiocampidae_Gastropacha_populifolia","1","0.986","0.994","1","1"
"29","GNG170416.0005","Lasiocampidae_Euthrix_laeta","1","1","0.994","0.994","0.994"
"30","GSWDS150607.003","Lasiocampidae_Dendrolimus_tabulaeformis","1","1","1","1","1"
"31","GSWDS170413.0004","Lasiocampidae_Dendrolimus_tabulaeformis","1","1","1","1","1"
"32","GSWDS170415.0005","Lasiocampidae_Dendrolimus_tabulaeformis","1","1","1","1","1"
"33","GSWDS170618.0003","Lasiocampidae_Dendrolimus_tabulaeformis","1","1","1","1","1"
"34","GYSGY150718.009","Lasiocampidae_Dendrolimus_punctatus","1","1","1","1","1"
"35","JG110802.011","Lasiocampidae_Dendrolimus_tabulaeformis","1","1","1","1","1"
"36","JG110802.013","Lasiocampidae_Dendrolimus_tabulaeformis","0.9999","1","1","1","0.9999"
"37","JG110803.006","Lasiocampidae_Dendrolimus_tabulaeformis","1","1","1","1","1"
"38","JG170726.S1","Lasiocampidae_Dendrolimus_tabulaeformis","1","1","1","1","1"
"39","JG170726.S4","Lasiocampidae_Dendrolimus_tabulaeformis","1","1","1","1","1"
"40","JG170726.S5","Lasiocampidae_Dendrolimus_tabulaeformis","1","1","1","1","1"
"41","JG170726.S6","Lasiocampidae_Dendrolimus_tabulaeformis","1","1","1","1","1"
"42","JG170812.019","Lasiocampidae_Gastropacha_quercifolia","1","0.72","1","1","1"
"43","JG170812.020","Lasiocampidae_Gastropacha_quercifolia","1","0.72","1","1","1"
"44","JG170812.024","Lasiocampidae_Dendrolimus_tabulaeformis","1","1","1","1","1"
"45","JG170812.025","Lasiocampidae_Gastropacha_quercifolia","1","0.72","1","1","1"
"46","JG170812.026","Lasiocampidae_Dendrolimus_tabulaeformis","1","1","1","1","1"
"47","JG170812.032","Lasiocampidae_Gastropacha_quercifolia","1","0.72","1","1","1"
"48","JG170812.035","Lasiocampidae_Dendrolimus_tabulaeformis","1","1","1","1","1"
"49","JG170812.S3","Lasiocampidae_Odonestis_pruni","1","1","1","1","1"
"50","JMH170609.014","Lasiocampidae_Gastropacha_populifolia","1","0.986","1","1","1"
