,species,lon,lat
1,Lasiocampidae_Gastropacha_quercifolia,57.627151,54.185497
2,Lasiocampidae_Gastropacha_quercifolia,56.098091,53.550594
3,Lasiocampidae_Gastropacha_quercifolia,72.641191,56.952322
4,Lasiocampidae_Gastropacha_quercifolia,5.928642,44.172851
5,Lasiocampidae_Gastropacha_quercifolia,5.928481,44.173347
6,Lasiocampidae_Gastropacha_quercifolia,56.098103,53.550758
7,Lasiocampidae_Gastropacha_quercifolia,51.533364,55.132987
8,Lasiocampidae_Gastropacha_quercifolia,49.303231,55.935592
9,Lasiocampidae_Gastropacha_quercifolia,24.382808,54.345937
10,Lasiocampidae_Gastropacha_quercifolia,46.021502,54.817443
11,Lasiocampidae_Gastropacha_quercifolia,72.641187,56.952317
12,Lasiocampidae_Gastropacha_quercifolia,59.010958,54.822851
13,Lasiocampidae_Gastropacha_quercifolia,72.641162,56.95232
14,Lasiocampidae_Gastropacha_quercifolia,72.641174,56.952342
15,Lasiocampidae_Gastropacha_quercifolia,72.641216,56.952337
16,Lasiocampidae_Gastropacha_quercifolia,72.641121,56.952326
17,Lasiocampidae_Gastropacha_quercifolia,19.210353,47.296698
18,Lasiocampidae_Gastropacha_quercifolia,72.641183,56.952313
19,Lasiocampidae_Gastropacha_quercifolia,15.818207,48.317972
20,Lasiocampidae_Gastropacha_quercifolia,37.230408,54.982492
21,Lasiocampidae_Gastropacha_quercifolia,72.641201,56.952321
22,Lasiocampidae_Gastropacha_quercifolia,72.64071,56.952288
23,Lasiocampidae_Gastropacha_quercifolia,72.641164,56.952323
24,Lasiocampidae_Gastropacha_quercifolia,72.64116,56.952323
25,Lasiocampidae_Gastropacha_quercifolia,72.6412,56.952305
26,Lasiocampidae_Gastropacha_quercifolia,72.641179,56.952326
27,Lasiocampidae_Gastropacha_quercifolia,72.640789,56.952295
28,Lasiocampidae_Gastropacha_quercifolia,72.64119,56.95231
29,Lasiocampidae_Gastropacha_quercifolia,72.640729,56.952316
30,Lasiocampidae_Gastropacha_quercifolia,72.641174,56.952279
31,Lasiocampidae_Gastropacha_quercifolia,13.907905,44.783393
32,Lasiocampidae_Gastropacha_quercifolia,4.659453,43.406468
33,Lasiocampidae_Gastropacha_quercifolia,15.629338,44.932194
34,Lasiocampidae_Gastropacha_quercifolia,-1.067801,45.89559
35,Lasiocampidae_Gastropacha_quercifolia,0.758816,45.584391
36,Lasiocampidae_Gastropacha_quercifolia,5.503765,50.328095
37,Lasiocampidae_Gastropacha_quercifolia,83.042221,51.142647
38,Lasiocampidae_Gastropacha_quercifolia,83.042229,51.142941
39,Lasiocampidae_Gastropacha_quercifolia,-2.775205,42.803692
40,Lasiocampidae_Gastropacha_quercifolia,85.768386,51.65932
41,Lasiocampidae_Gastropacha_quercifolia,16.582306,47.938835
42,Lasiocampidae_Gastropacha_quercifolia,85.768412,51.659326
43,Lasiocampidae_Gastropacha_quercifolia,3.337271,44.512706
44,Lasiocampidae_Gastropacha_quercifolia,-2.642483,42.859757
45,Lasiocampidae_Gastropacha_quercifolia,-0.638711,42.54685
46,Lasiocampidae_Gastropacha_quercifolia,-2.491065,42.840088
47,Lasiocampidae_Gastropacha_quercifolia,4.916692,45.555101
49,Lasiocampidae_Gastropacha_quercifolia,72.640707,56.952301
50,Lasiocampidae_Gastropacha_quercifolia,85.768387,51.659299
51,Lasiocampidae_Gastropacha_quercifolia,-2.479297,50.896705
52,Lasiocampidae_Gastropacha_quercifolia,72.641162,56.952301
54,Lasiocampidae_Gastropacha_quercifolia,72.641231,56.952332
55,Lasiocampidae_Gastropacha_quercifolia,72.641166,56.95232
56,Lasiocampidae_Gastropacha_quercifolia,89.900367,53.32023
57,Lasiocampidae_Gastropacha_quercifolia,85.768413,51.659358
58,Lasiocampidae_Gastropacha_quercifolia,72.641207,56.952322
59,Lasiocampidae_Gastropacha_quercifolia,72.641186,56.952325
60,Lasiocampidae_Gastropacha_quercifolia,0.503984,43.673431
61,Lasiocampidae_Gastropacha_quercifolia,1.63178,41.794258
62,Lasiocampidae_Gastropacha_quercifolia,6.231788,43.321285
63,Lasiocampidae_Gastropacha_quercifolia,-0.927282,43.085534
64,Lasiocampidae_Gastropacha_quercifolia,23.384514,50.192516
65,Lasiocampidae_Gastropacha_quercifolia,87.914255,50.147109
66,Lasiocampidae_Gastropacha_quercifolia,0.051818,46.159009
67,Lasiocampidae_Gastropacha_quercifolia,21.528071,48.89946
68,Lasiocampidae_Gastropacha_quercifolia,-1.521427,42.773529
69,Lasiocampidae_Gastropacha_quercifolia,0.051867,46.158946
70,Lasiocampidae_Gastropacha_quercifolia,-3.069084,42.815786
71,Lasiocampidae_Gastropacha_quercifolia,16.584197,47.935833
72,Lasiocampidae_Gastropacha_quercifolia,25.263007,45.895162
73,Lasiocampidae_Gastropacha_quercifolia,6.35,52.95
74,Lasiocampidae_Gastropacha_quercifolia,7.05,52.65
75,Lasiocampidae_Gastropacha_quercifolia,7,52.65
76,Lasiocampidae_Gastropacha_quercifolia,85.87966,53.944431
77,Lasiocampidae_Gastropacha_quercifolia,15.643616,38.267055
78,Lasiocampidae_Gastropacha_quercifolia,16.497461,56.618011
79,Lasiocampidae_Gastropacha_quercifolia,16.500471,56.531915
80,Lasiocampidae_Gastropacha_quercifolia,16.089222,56.973146
81,Lasiocampidae_Gastropacha_quercifolia,16.865492,59.542949
82,Lasiocampidae_Gastropacha_quercifolia,6.83235,44.042755
83,Lasiocampidae_Gastropacha_quercifolia,11.645326,45.059158
84,Lasiocampidae_Gastropacha_quercifolia,4.225153,43.661422
85,Lasiocampidae_Gastropacha_quercifolia,87.255335,53.964292
86,Lasiocampidae_Gastropacha_quercifolia,0.2982,52.3126
87,Lasiocampidae_Gastropacha_quercifolia,16.538568,56.641186
88,Lasiocampidae_Gastropacha_quercifolia,16.64545,56.615787
89,Lasiocampidae_Gastropacha_quercifolia,58.667496,52.995296
90,Lasiocampidae_Gastropacha_quercifolia,55.76702,54.941183
91,Lasiocampidae_Gastropacha_quercifolia,57.587009,54.206707
92,Lasiocampidae_Gastropacha_quercifolia,74.430512,56.952501
93,Lasiocampidae_Gastropacha_quercifolia,57.58596,54.204861
94,Lasiocampidae_Gastropacha_quercifolia,-2.037428,50.59895
96,Lasiocampidae_Gastropacha_quercifolia,16.46744,56.44319
97,Lasiocampidae_Gastropacha_quercifolia,16.64783,56.759152
98,Lasiocampidae_Gastropacha_quercifolia,16.696923,56.698556
99,Lasiocampidae_Gastropacha_quercifolia,16.540212,56.67405
100,Lasiocampidae_Gastropacha_quercifolia,16.496707,56.276385
210,Lasiocampidae_Alompra_ferruginea,107.73333,33.916668
48,Lasiocampidae_Alompra_ferruginea,117.333336,27.9
110,Lasiocampidae_Paralebeda_femorata,120.68721,22.67603
211,Lasiocampidae_Paralebeda_femorata,121.548683,23.966727
410,Lasiocampidae_Paralebeda_femorata,121.557916,25.15319
53,Lasiocampidae_Paralebeda_femorata,120.706133,23.477681
610,Lasiocampidae_Paralebeda_femorata,120.794906,23.636916
710,Lasiocampidae_Paralebeda_femorata,120.983861,24.572417
810,Lasiocampidae_Paralebeda_femorata,120.885226,23.924045
95,Lasiocampidae_Paralebeda_femorata,121.095,24.64694
121,Lasiocampidae_Paralebeda_femorata,121.525068,25.186146
131,Lasiocampidae_Paralebeda_femorata,121.407482,24.832574
141,Lasiocampidae_Paralebeda_femorata,121.089215,24.642116
151,Lasiocampidae_Paralebeda_femorata,121.429278,24.201361
171,Lasiocampidae_Paralebeda_femorata,121.461436,23.846615
181,Lasiocampidae_Paralebeda_femorata,120.954691,22.558625
201,Lasiocampidae_Paralebeda_femorata,121.194742,24.103974
221,Lasiocampidae_Paralebeda_femorata,121.483738,24.198355
231,Lasiocampidae_Paralebeda_femorata,121.215414,24.75406
251,Lasiocampidae_Paralebeda_femorata,120.702917,23.396611
271,Lasiocampidae_Paralebeda_femorata,121.83068,24.971154
291,Lasiocampidae_Paralebeda_femorata,120.943294,22.6088
301,Lasiocampidae_Paralebeda_femorata,121.547802,23.97196
311,Lasiocampidae_Paralebeda_femorata,121.695116,24.657769
321,Lasiocampidae_Paralebeda_femorata,121.4458,24.833918
341,Lasiocampidae_Paralebeda_femorata,120.93841,23.852957
371,Lasiocampidae_Paralebeda_femorata,121.484944,24.210667
381,Lasiocampidae_Paralebeda_femorata,121.085396,24.002851
451,Lasiocampidae_Paralebeda_femorata,121.247467,24.811551
461,Lasiocampidae_Paralebeda_femorata,121.367737,24.830292
471,Lasiocampidae_Paralebeda_femorata,121.114066,24.50592
481,Lasiocampidae_Paralebeda_femorata,121.614145,24.161829
491,Lasiocampidae_Paralebeda_femorata,120.948004,24.273494
501,Lasiocampidae_Paralebeda_femorata,120.674707,23.478064
591,Lasiocampidae_Paralebeda_femorata,120.991194,22.687506
621,Lasiocampidae_Paralebeda_femorata,121.421533,25.145834
631,Lasiocampidae_Paralebeda_femorata,121.541176,24.841272
641,Lasiocampidae_Paralebeda_femorata,120.738201,22.887435
651,Lasiocampidae_Paralebeda_femorata,121.53339,24.950538
671,Lasiocampidae_Paralebeda_femorata,120.501294,23.26782
681,Lasiocampidae_Paralebeda_femorata,120.502916,23.2976
691,Lasiocampidae_Paralebeda_femorata,121.089135,24.005017
711,Lasiocampidae_Paralebeda_femorata,120.982798,24.778799
741,Lasiocampidae_Paralebeda_femorata,121.501308,24.780734
761,Lasiocampidae_Paralebeda_femorata,121.501175,23.918411
781,Lasiocampidae_Paralebeda_femorata,120.869923,24.530728
801,Lasiocampidae_Paralebeda_femorata,121.126818,24.650551
811,Lasiocampidae_Paralebeda_femorata,121.48252,24.206908
821,Lasiocampidae_Paralebeda_femorata,121.579361,24.972972
851,Lasiocampidae_Paralebeda_femorata,121.56651,25.158376
871,Lasiocampidae_Paralebeda_femorata,121.501104,24.936783
881,Lasiocampidae_Paralebeda_femorata,120.731639,23.058056
891,Lasiocampidae_Paralebeda_femorata,120.974707,24.244654
901,Lasiocampidae_Paralebeda_femorata,120.84112,23.84837
911,Lasiocampidae_Paralebeda_femorata,121.83858,24.53687
921,Lasiocampidae_Paralebeda_femorata,121.006674,22.684619
961,Lasiocampidae_Paralebeda_femorata,121.518858,25.172445
981,Lasiocampidae_Paralebeda_femorata,121.433056,24.198167
991,Lasiocampidae_Paralebeda_femorata,121.124291,23.956808
1001,Lasiocampidae_Paralebeda_femorata,120.887123,23.600594
111,Lasiocampidae_Odonestis_pruni,8.767349,42.25216
212,Lasiocampidae_Odonestis_pruni,23.143827,40.656227
310,Lasiocampidae_Odonestis_pruni,14.628831,50.120709
411,Lasiocampidae_Odonestis_pruni,126.780425,36.608233
510,Lasiocampidae_Odonestis_pruni,18.481311,52.260367
611,Lasiocampidae_Odonestis_pruni,55.767068,54.941405
712,Lasiocampidae_Odonestis_pruni,17.883438,51.047341
812,Lasiocampidae_Odonestis_pruni,127.040285,36.654682
910,Lasiocampidae_Odonestis_pruni,127.03695,36.701563
101,Lasiocampidae_Odonestis_pruni,15.593807,45.527359
112,Lasiocampidae_Odonestis_pruni,-7.841976,43.162213
122,Lasiocampidae_Odonestis_pruni,-7.841924,43.162123
132,Lasiocampidae_Odonestis_pruni,80.233144,30.07692
142,Lasiocampidae_Odonestis_pruni,21.704575,49.675655
152,Lasiocampidae_Odonestis_pruni,15.400514,46.756086
161,Lasiocampidae_Odonestis_pruni,-0.6387,42.546868
172,Lasiocampidae_Odonestis_pruni,15.855936,46.873299
182,Lasiocampidae_Odonestis_pruni,3.78848,49.440592
191,Lasiocampidae_Odonestis_pruni,0.18837,45.847845
202,Lasiocampidae_Odonestis_pruni,16.587162,48.025908
213,Lasiocampidae_Odonestis_pruni,40.156331,54.067076
222,Lasiocampidae_Odonestis_pruni,-0.927356,43.085499
232,Lasiocampidae_Odonestis_pruni,38.235432,58.066442
241,Lasiocampidae_Odonestis_pruni,0.055839,46.155848
252,Lasiocampidae_Odonestis_pruni,-7.054277,42.67346
261,Lasiocampidae_Odonestis_pruni,0.051882,46.158963
272,Lasiocampidae_Odonestis_pruni,121.388756,24.190508
292,Lasiocampidae_Odonestis_pruni,127.040307,36.653718
302,Lasiocampidae_Odonestis_pruni,1.179073,42.85149
312,Lasiocampidae_Odonestis_pruni,127.040436,36.653787
322,Lasiocampidae_Odonestis_pruni,11.79709,44.741066
331,Lasiocampidae_Odonestis_pruni,11.699572,44.757428
342,Lasiocampidae_Odonestis_pruni,9.644009,45.765362
351,Lasiocampidae_Odonestis_pruni,8.89135,46.01968
361,Lasiocampidae_Odonestis_pruni,55.908058,54.379903
372,Lasiocampidae_Odonestis_pruni,55.766955,54.941207
382,Lasiocampidae_Odonestis_pruni,121.176944,23.953429
401,Lasiocampidae_Odonestis_pruni,8.83715,46.42523
412,Lasiocampidae_Odonestis_pruni,127.038419,36.65451
421,Lasiocampidae_Odonestis_pruni,55.958611,64.039604
431,Lasiocampidae_Odonestis_pruni,49.30343,55.935604
441,Lasiocampidae_Odonestis_pruni,15.521668,46.654764
452,Lasiocampidae_Odonestis_pruni,132.606801,51.071354
462,Lasiocampidae_Odonestis_pruni,19.210421,47.29708
472,Lasiocampidae_Odonestis_pruni,-2.837741,42.995047
482,Lasiocampidae_Odonestis_pruni,-2.642483,42.859757
492,Lasiocampidae_Odonestis_pruni,20.109489,51.55793
502,Lasiocampidae_Odonestis_pruni,0.200711,46.164746
511,Lasiocampidae_Odonestis_pruni,15.521591,46.654853
521,Lasiocampidae_Odonestis_pruni,48.513075,55.855105
531,Lasiocampidae_Odonestis_pruni,3.449356,48.128534
541,Lasiocampidae_Odonestis_pruni,9.964146,44.500211
551,Lasiocampidae_Odonestis_pruni,7.599702,45.076881
561,Lasiocampidae_Odonestis_pruni,15.522797,46.65621
571,Lasiocampidae_Odonestis_pruni,2.881947,47.367572
592,Lasiocampidae_Odonestis_pruni,0.71526,45.738693
601,Lasiocampidae_Odonestis_pruni,9.201073,44.673012
612,Lasiocampidae_Odonestis_pruni,2.133904,41.370122
622,Lasiocampidae_Odonestis_pruni,13.578409,46.418557
632,Lasiocampidae_Odonestis_pruni,16.37686,46.797558
642,Lasiocampidae_Odonestis_pruni,15.521681,46.654755
652,Lasiocampidae_Odonestis_pruni,15.522824,46.65613
661,Lasiocampidae_Odonestis_pruni,18.584861,52.958829
672,Lasiocampidae_Odonestis_pruni,18.922531,52.256062
682,Lasiocampidae_Odonestis_pruni,4.57233,50.068493
692,Lasiocampidae_Odonestis_pruni,22.603368,53.299658
701,Lasiocampidae_Odonestis_pruni,15.855955,46.873318
713,Lasiocampidae_Odonestis_pruni,57.394398,52.445141
721,Lasiocampidae_Odonestis_pruni,0.438871,45.609833
731,Lasiocampidae_Odonestis_pruni,13.453525,42.336857
742,Lasiocampidae_Odonestis_pruni,19.245531,47.511545
751,Lasiocampidae_Odonestis_pruni,18.4768,46.501433
762,Lasiocampidae_Odonestis_pruni,11.750008,43.936878
771,Lasiocampidae_Odonestis_pruni,16.365461,46.352676
782,Lasiocampidae_Odonestis_pruni,15.855969,46.873347
791,Lasiocampidae_Odonestis_pruni,15.855971,46.873323
802,Lasiocampidae_Odonestis_pruni,15.855971,46.87332
813,Lasiocampidae_Odonestis_pruni,11.781914,44.778111
822,Lasiocampidae_Odonestis_pruni,12.096119,42.089467
831,Lasiocampidae_Odonestis_pruni,56.158814,55.247906
841,Lasiocampidae_Odonestis_pruni,14.630217,47.590554
852,Lasiocampidae_Odonestis_pruni,83.753504,52.545204
861,Lasiocampidae_Odonestis_pruni,55.908071,54.379889
872,Lasiocampidae_Odonestis_pruni,15.45395,44.285233
882,Lasiocampidae_Odonestis_pruni,56.168894,55.267625
892,Lasiocampidae_Odonestis_pruni,56.164356,55.148066
902,Lasiocampidae_Odonestis_pruni,56.165585,55.265826
912,Lasiocampidae_Odonestis_pruni,56.159144,55.24893
922,Lasiocampidae_Odonestis_pruni,9.08363,41.82335
931,Lasiocampidae_Odonestis_pruni,24.322,54.142
941,Lasiocampidae_Odonestis_pruni,24.455,54.971
951,Lasiocampidae_Odonestis_pruni,23.974,54.127
962,Lasiocampidae_Odonestis_pruni,24.305,54.328
971,Lasiocampidae_Odonestis_pruni,23.741,54.282
982,Lasiocampidae_Odonestis_pruni,19.544967,46.670538
992,Lasiocampidae_Odonestis_pruni,5.15,52.2
1002,Lasiocampidae_Odonestis_pruni,37.644,54.8954
113,Lasiocampidae_Dendrolimus_superans,59.011087,54.82282
214,Lasiocampidae_Dendrolimus_superans,129.746683,62.086756
313,Lasiocampidae_Dendrolimus_superans,83.180306,51.241854
413,Lasiocampidae_Dendrolimus_superans,82.166114,54.451181
512,Lasiocampidae_Dendrolimus_superans,128.142865,37.456336
613,Lasiocampidae_Dendrolimus_superans,128.142882,37.456375
714,Lasiocampidae_Dendrolimus_superans,128.142904,37.456378
814,Lasiocampidae_Dendrolimus_superans,127.121718,37.752449
913,Lasiocampidae_Dendrolimus_superans,127.50898,45.275074
102,Lasiocampidae_Dendrolimus_superans,71.651965,57.279326
114,Lasiocampidae_Dendrolimus_superans,128.142863,37.456448
123,Lasiocampidae_Dendrolimus_superans,128.142912,37.456379
143,Lasiocampidae_Dendrolimus_superans,128.142923,37.456396
153,Lasiocampidae_Dendrolimus_superans,128.145326,37.457947
162,Lasiocampidae_Dendrolimus_superans,128.143182,37.459917
183,Lasiocampidae_Dendrolimus_superans,128.147415,37.457989
192,Lasiocampidae_Dendrolimus_superans,80.495722,50.376048
203,Lasiocampidae_Dendrolimus_superans,69.061646,60.973341
215,Lasiocampidae_Dendrolimus_superans,69.061689,60.973367
233,Lasiocampidae_Dendrolimus_superans,108.12122,52.10386
262,Lasiocampidae_Dendrolimus_superans,83.508349,55.093577
281,Lasiocampidae_Dendrolimus_superans,138.552919,36.468932
332,Lasiocampidae_Dendrolimus_superans,82.025373,62.498389
352,Lasiocampidae_Dendrolimus_superans,84.995619,56.49731
362,Lasiocampidae_Dendrolimus_superans,58.448908,53.589931
483,Lasiocampidae_Dendrolimus_superans,144.32,43.12
493,Lasiocampidae_Dendrolimus_superans,137.267533,35.129812
115,Lasiocampidae_Gastropacha_populifolia,56.079317,53.689823
216,Lasiocampidae_Gastropacha_populifolia,59.01108,54.822894
314,Lasiocampidae_Gastropacha_populifolia,37.525988,55.06717
414,Lasiocampidae_Gastropacha_populifolia,72.641179,56.952319
513,Lasiocampidae_Gastropacha_populifolia,15.429763,46.785109
614,Lasiocampidae_Gastropacha_populifolia,74.430512,56.952501
715,Lasiocampidae_Gastropacha_populifolia,16.91,48.58
815,Lasiocampidae_Gastropacha_populifolia,15.855981,46.873332
914,Lasiocampidae_Gastropacha_populifolia,15.855957,46.873329
103,Lasiocampidae_Gastropacha_populifolia,15.855975,46.873326
116,Lasiocampidae_Gastropacha_populifolia,16.1508,46.9613
124,Lasiocampidae_Gastropacha_populifolia,128.142939,37.456517
133,Lasiocampidae_Gastropacha_populifolia,24.092,54.548
144,Lasiocampidae_Gastropacha_populifolia,26.065,54.984
154,Lasiocampidae_Gastropacha_populifolia,25.447,55.051
163,Lasiocampidae_Gastropacha_populifolia,83.753512,52.545228
173,Lasiocampidae_Gastropacha_populifolia,37.644,54.8954
184,Lasiocampidae_Gastropacha_populifolia,128.146397,37.458185
193,Lasiocampidae_Gastropacha_populifolia,4.33004,48.30643
204,Lasiocampidae_Gastropacha_populifolia,-1.64293,46.63109
217,Lasiocampidae_Gastropacha_populifolia,128.147437,37.458085
234,Lasiocampidae_Gastropacha_populifolia,15.855947,46.873356
242,Lasiocampidae_Gastropacha_populifolia,5.8,51.15
253,Lasiocampidae_Gastropacha_populifolia,25.326,54.722
263,Lasiocampidae_Gastropacha_populifolia,73.96458,53.912925
273,Lasiocampidae_Gastropacha_populifolia,108.12122,52.10386
282,Lasiocampidae_Gastropacha_populifolia,108.01799,51.98409
303,Lasiocampidae_Gastropacha_populifolia,21.069,56.059
315,Lasiocampidae_Gastropacha_populifolia,135.607832,44.173065
323,Lasiocampidae_Gastropacha_populifolia,24.492,56.245
333,Lasiocampidae_Gastropacha_populifolia,15.855959,46.873351
343,Lasiocampidae_Gastropacha_populifolia,15.855963,46.873322
353,Lasiocampidae_Gastropacha_populifolia,0.19313,47.23714
363,Lasiocampidae_Gastropacha_populifolia,5.684062,46.006687
373,Lasiocampidae_Gastropacha_populifolia,1.09859,46.79941
391,Lasiocampidae_Gastropacha_populifolia,27.816975,60.543131
402,Lasiocampidae_Gastropacha_populifolia,21.679254,60.169539
415,Lasiocampidae_Gastropacha_populifolia,22.44697,59.838603
422,Lasiocampidae_Gastropacha_populifolia,23.046553,59.82658
442,Lasiocampidae_Gastropacha_populifolia,22.449642,60.014027
453,Lasiocampidae_Gastropacha_populifolia,24.399528,59.981498
463,Lasiocampidae_Gastropacha_populifolia,23.027315,59.987758
473,Lasiocampidae_Gastropacha_populifolia,22.429294,60.031303
494,Lasiocampidae_Gastropacha_populifolia,23.158675,59.861327
503,Lasiocampidae_Gastropacha_populifolia,22.91438,59.812054
514,Lasiocampidae_Gastropacha_populifolia,27.634781,60.544121
522,Lasiocampidae_Gastropacha_populifolia,27.717539,60.584122
532,Lasiocampidae_Gastropacha_populifolia,22.384791,60.285944
581,Lasiocampidae_Gastropacha_populifolia,0.15831,44.16139
593,Lasiocampidae_Gastropacha_populifolia,0.15791,44.16155
602,Lasiocampidae_Gastropacha_populifolia,0.15797,44.16148
615,Lasiocampidae_Gastropacha_populifolia,21.387,55.932
623,Lasiocampidae_Gastropacha_populifolia,5.82763,44.43777
633,Lasiocampidae_Gastropacha_populifolia,21.931667,58.507222
662,Lasiocampidae_Gastropacha_populifolia,15.855956,46.873336
673,Lasiocampidae_Gastropacha_populifolia,15.855961,46.873339
702,Lasiocampidae_Gastropacha_populifolia,1.36076,46.80345
716,Lasiocampidae_Gastropacha_populifolia,1.2326,46.71149
732,Lasiocampidae_Gastropacha_populifolia,1.24135,46.44142
743,Lasiocampidae_Gastropacha_populifolia,15.761312,47.080349
763,Lasiocampidae_Gastropacha_populifolia,15.761319,47.08037
772,Lasiocampidae_Gastropacha_populifolia,15.761301,47.080346
783,Lasiocampidae_Gastropacha_populifolia,15.761288,47.080349
803,Lasiocampidae_Gastropacha_populifolia,15.761299,47.080375
816,Lasiocampidae_Gastropacha_populifolia,8.89135,46.01968
823,Lasiocampidae_Gastropacha_populifolia,6.04591,46.20035
832,Lasiocampidae_Gastropacha_populifolia,29.346402,45.190744
842,Lasiocampidae_Gastropacha_populifolia,15.855947,46.873339
853,Lasiocampidae_Gastropacha_populifolia,15.855941,46.873419
862,Lasiocampidae_Gastropacha_populifolia,15.855959,46.873334
873,Lasiocampidae_Gastropacha_populifolia,15.855959,46.873311
883,Lasiocampidae_Gastropacha_populifolia,15.855955,46.873345
893,Lasiocampidae_Gastropacha_populifolia,15.855974,46.87342
903,Lasiocampidae_Gastropacha_populifolia,15.855982,46.873332
915,Lasiocampidae_Gastropacha_populifolia,1.997344,44.779064
923,Lasiocampidae_Gastropacha_populifolia,28.79839,61.201877
952,Lasiocampidae_Gastropacha_populifolia,1.35804,46.89347
963,Lasiocampidae_Gastropacha_populifolia,24.71907,58.0171
972,Lasiocampidae_Gastropacha_populifolia,22.422334,60.017547
983,Lasiocampidae_Gastropacha_populifolia,22.397384,60.196481
993,Lasiocampidae_Gastropacha_populifolia,23.7309,59.2665
117,Lasiocampidae_Trabala_vishnou,80.665681,22.144128
218,Lasiocampidae_Trabala_vishnou,121.548429,24.988256
316,Lasiocampidae_Trabala_vishnou,80.478314,22.30897
416,Lasiocampidae_Trabala_vishnou,121.803196,24.615552
515,Lasiocampidae_Trabala_vishnou,121.803049,24.615661
616,Lasiocampidae_Trabala_vishnou,114.078535,22.552335
717,Lasiocampidae_Trabala_vishnou,121.53602,24.957362
817,Lasiocampidae_Trabala_vishnou,77.136094,8.680241
916,Lasiocampidae_Trabala_vishnou,121.156951,24.624921
104,Lasiocampidae_Trabala_vishnou,101.735762,17.911173
118,Lasiocampidae_Trabala_vishnou,120.915376,24.78351
125,Lasiocampidae_Trabala_vishnou,120.258513,23.609147
134,Lasiocampidae_Trabala_vishnou,121.513213,25.055946
145,Lasiocampidae_Trabala_vishnou,121.549943,24.995225
155,Lasiocampidae_Trabala_vishnou,121.516527,25.096553
164,Lasiocampidae_Trabala_vishnou,120.628553,24.17848
174,Lasiocampidae_Trabala_vishnou,120.388292,22.345163
185,Lasiocampidae_Trabala_vishnou,121.516573,25.096549
194,Lasiocampidae_Trabala_vishnou,121.516392,25.096547
205,Lasiocampidae_Trabala_vishnou,120.388271,22.345158
219,Lasiocampidae_Trabala_vishnou,120.245246,23.053577
223,Lasiocampidae_Trabala_vishnou,90.675743,25.353404
235,Lasiocampidae_Trabala_vishnou,120.245664,23.055137
243,Lasiocampidae_Trabala_vishnou,120.802103,23.82728
254,Lasiocampidae_Trabala_vishnou,94.361652,25.095386
264,Lasiocampidae_Trabala_vishnou,77.136304,8.678197
274,Lasiocampidae_Trabala_vishnou,120.449137,23.490217
283,Lasiocampidae_Trabala_vishnou,120.925972,24.848977
293,Lasiocampidae_Trabala_vishnou,121.51075,25.031922
304,Lasiocampidae_Trabala_vishnou,74.755594,13.337702
317,Lasiocampidae_Trabala_vishnou,121.58651,25.123064
324,Lasiocampidae_Trabala_vishnou,121.757357,24.706286
334,Lasiocampidae_Trabala_vishnou,120.223407,22.971705
344,Lasiocampidae_Trabala_vishnou,121.58337,25.26452
354,Lasiocampidae_Trabala_vishnou,121.508499,25.0302
364,Lasiocampidae_Trabala_vishnou,121.550378,24.994238
374,Lasiocampidae_Trabala_vishnou,121.772385,25.158296
383,Lasiocampidae_Trabala_vishnou,121.804415,24.612145
392,Lasiocampidae_Trabala_vishnou,121.450805,24.997445
403,Lasiocampidae_Trabala_vishnou,121.448787,25.086355
417,Lasiocampidae_Trabala_vishnou,121.605728,24.031989
423,Lasiocampidae_Trabala_vishnou,121.324444,25.014147
432,Lasiocampidae_Trabala_vishnou,120.244842,23.053855
443,Lasiocampidae_Trabala_vishnou,76.635183,10.060259
454,Lasiocampidae_Trabala_vishnou,75.532037,11.787119
464,Lasiocampidae_Trabala_vishnou,88.281576,26.89449
474,Lasiocampidae_Trabala_vishnou,79.654539,29.436867
484,Lasiocampidae_Trabala_vishnou,120.520286,23.639178
495,Lasiocampidae_Trabala_vishnou,120.5202,23.639184
504,Lasiocampidae_Trabala_vishnou,121.494888,25.008009
516,Lasiocampidae_Trabala_vishnou,101.635878,3.16298
523,Lasiocampidae_Trabala_vishnou,121.76964,24.711156
533,Lasiocampidae_Trabala_vishnou,77.136465,8.682291
542,Lasiocampidae_Trabala_vishnou,78.250744,29.776862
552,Lasiocampidae_Trabala_vishnou,121.014678,24.017133
562,Lasiocampidae_Trabala_vishnou,120.199729,22.883073
572,Lasiocampidae_Trabala_vishnou,77.13604,8.679933
582,Lasiocampidae_Trabala_vishnou,120.714675,23.471012
594,Lasiocampidae_Trabala_vishnou,121.604959,24.023031
603,Lasiocampidae_Trabala_vishnou,121.555474,24.990184
617,Lasiocampidae_Trabala_vishnou,120.138725,23.002546
624,Lasiocampidae_Trabala_vishnou,121.322681,25.014616
634,Lasiocampidae_Trabala_vishnou,121.714616,24.634133
643,Lasiocampidae_Trabala_vishnou,121.743368,24.748447
653,Lasiocampidae_Trabala_vishnou,121.76651,24.749641
663,Lasiocampidae_Trabala_vishnou,121.539482,24.978282
674,Lasiocampidae_Trabala_vishnou,121.097872,24.831222
683,Lasiocampidae_Trabala_vishnou,121.097923,24.829123
693,Lasiocampidae_Trabala_vishnou,121.366268,25.028624
718,Lasiocampidae_Trabala_vishnou,121.100593,24.830959
722,Lasiocampidae_Trabala_vishnou,121.574431,25.109608
733,Lasiocampidae_Trabala_vishnou,121.586626,24.979824
744,Lasiocampidae_Trabala_vishnou,121.744663,24.60506
752,Lasiocampidae_Trabala_vishnou,121.742918,24.74646
764,Lasiocampidae_Trabala_vishnou,75.971603,32.185112
773,Lasiocampidae_Trabala_vishnou,121.494443,24.183334
784,Lasiocampidae_Trabala_vishnou,121.45,25.1
792,Lasiocampidae_Trabala_vishnou,121.248568,24.982133
804,Lasiocampidae_Trabala_vishnou,121.370983,23.645358
818,Lasiocampidae_Trabala_vishnou,120.284154,22.646776
824,Lasiocampidae_Trabala_vishnou,121.580619,24.995616
833,Lasiocampidae_Trabala_vishnou,121.61695,25.036731
843,Lasiocampidae_Trabala_vishnou,120.736635,24.183797
854,Lasiocampidae_Trabala_vishnou,121.766546,24.749588
874,Lasiocampidae_Trabala_vishnou,121.749289,24.763971
884,Lasiocampidae_Trabala_vishnou,121.451825,25.095556
894,Lasiocampidae_Trabala_vishnou,121.451826,25.095584
904,Lasiocampidae_Trabala_vishnou,102.641178,18.04627
917,Lasiocampidae_Trabala_vishnou,120.969092,24.873969
924,Lasiocampidae_Trabala_vishnou,121.509865,25.061277
932,Lasiocampidae_Trabala_vishnou,121.530276,25.103904
942,Lasiocampidae_Trabala_vishnou,121.553883,24.934503
953,Lasiocampidae_Trabala_vishnou,121.804544,24.614015
964,Lasiocampidae_Trabala_vishnou,92.330689,24.43202
973,Lasiocampidae_Trabala_vishnou,121.774338,24.680905
984,Lasiocampidae_Trabala_vishnou,113.244699,23.105964
994,Lasiocampidae_Trabala_vishnou,121.500669,24.946234
1003,Lasiocampidae_Trabala_vishnou,121.41139,24.818597
119,Lasiocampidae_Dendrolimus_kikuchii,121.0135,24.1888
220,Lasiocampidae_Dendrolimus_kikuchii,121.027966,24.092858
318,Lasiocampidae_Dendrolimus_kikuchii,120.885226,23.924045
517,Lasiocampidae_Dendrolimus_kikuchii,121.014538,24.017727
618,Lasiocampidae_Dendrolimus_kikuchii,120.84112,23.84837
719,Lasiocampidae_Dendrolimus_kikuchii,121.308302,24.345777
105,Lasiocampidae_Dendrolimus_kikuchii,121.176944,23.953429
146,Lasiocampidae_Dendrolimus_kikuchii,120.972776,24.174789
156,Lasiocampidae_Dendrolimus_kikuchii,121.18686,24.022713
165,Lasiocampidae_Dendrolimus_kikuchii,121.17201,23.955256
195,Lasiocampidae_Dendrolimus_kikuchii,120.948004,24.273494
206,Lasiocampidae_Dendrolimus_kikuchii,117.33,27.41
2110,Lasiocampidae_Dendrolimus_kikuchii,115.26,30.58
120,Lasiocampidae_Euthrix_laeta,92.330689,24.43202
418,Lasiocampidae_Euthrix_laeta,77.166687,10.280373
518,Lasiocampidae_Euthrix_laeta,113.099858,3.205838
619,Lasiocampidae_Euthrix_laeta,98.929195,19.399175
720,Lasiocampidae_Euthrix_laeta,92.330689,24.432027
819,Lasiocampidae_Euthrix_laeta,121.78984,24.41809
918,Lasiocampidae_Euthrix_laeta,121.666686,24.206995
126,Lasiocampidae_Euthrix_laeta,92.327935,24.434073
147,Lasiocampidae_Euthrix_laeta,73.23967,19.925111
157,Lasiocampidae_Euthrix_laeta,101.930962,14.510249
175,Lasiocampidae_Euthrix_laeta,90.859429,26.966226
196,Lasiocampidae_Euthrix_laeta,120.738201,22.887435
236,Lasiocampidae_Euthrix_laeta,98.106025,3.551379
244,Lasiocampidae_Euthrix_laeta,120.793972,22.219083
255,Lasiocampidae_Euthrix_laeta,120.57667,23.19036
305,Lasiocampidae_Euthrix_laeta,127.294511,34.970381
319,Lasiocampidae_Euthrix_laeta,120.906722,23.516111
355,Lasiocampidae_Euthrix_laeta,120.948004,24.273494
444,Lasiocampidae_Euthrix_laeta,103.858097,1.410191
455,Lasiocampidae_Euthrix_laeta,120.799365,22.21762
465,Lasiocampidae_Euthrix_laeta,121.72523,24.31492
496,Lasiocampidae_Euthrix_laeta,115.102394,-8.203478
505,Lasiocampidae_Euthrix_laeta,120.5263,23.258878
534,Lasiocampidae_Euthrix_laeta,118.227768,5.485637
543,Lasiocampidae_Euthrix_laeta,120.970694,22.635506
553,Lasiocampidae_Euthrix_laeta,121.598674,24.171843
563,Lasiocampidae_Euthrix_laeta,120.825008,23.266046
595,Lasiocampidae_Euthrix_laeta,120.802242,23.619961
625,Lasiocampidae_Euthrix_laeta,121.83858,24.53687
654,Lasiocampidae_Euthrix_laeta,121.572465,24.169001
675,Lasiocampidae_Euthrix_laeta,80.414986,6.431645
684,Lasiocampidae_Euthrix_laeta,116.447,5.612
703,Lasiocampidae_Euthrix_laeta,120.68557,22.967711
7110,Lasiocampidae_Euthrix_laeta,120.633595,23.665211
745,Lasiocampidae_Euthrix_laeta,121.7209,24.3208
753,Lasiocampidae_Euthrix_laeta,120.737778,22.411167
774,Lasiocampidae_Euthrix_laeta,120.780668,24.051142
793,Lasiocampidae_Euthrix_laeta,120.666902,23.300996
825,Lasiocampidae_Euthrix_laeta,87.41,24.66
919,Lasiocampidae_Euthrix_laeta,120.738097,22.887563
925,Lasiocampidae_Euthrix_laeta,103.26,28.21
933,Lasiocampidae_Euthrix_laeta,104.58,18.49
943,Lasiocampidae_Euthrix_laeta,119.33,10.26
954,Lasiocampidae_Euthrix_laeta,117.566,8.707
965,Lasiocampidae_Euthrix_laeta,131.53,43.5
985,Lasiocampidae_Euthrix_laeta,115.984,-1.405
1004,Lasiocampidae_Euthrix_laeta,117.566,8.70658
127,Lasiocampidae_Malacosoma_neustria,-3.017661,43.265156
224,Lasiocampidae_Malacosoma_neustria,-5.130718,40.143293
320,Lasiocampidae_Malacosoma_neustria,1.706617,41.534953
419,Lasiocampidae_Malacosoma_neustria,-5.045688,52.000515
519,Lasiocampidae_Malacosoma_neustria,5.505626,45.374272
620,Lasiocampidae_Malacosoma_neustria,-1.933074,47.36248
723,Lasiocampidae_Malacosoma_neustria,139.753933,35.605613
820,Lasiocampidae_Malacosoma_neustria,-8.966457,39.405296
920,Lasiocampidae_Malacosoma_neustria,-4.111489,50.316842
106,Lasiocampidae_Malacosoma_neustria,-1.218162,46.560069
1110,Lasiocampidae_Malacosoma_neustria,139.721863,35.636605
128,Lasiocampidae_Malacosoma_neustria,1.815553,44.375699
135,Lasiocampidae_Malacosoma_neustria,-5.202358,49.975123
148,Lasiocampidae_Malacosoma_neustria,0.614072,44.817315
158,Lasiocampidae_Malacosoma_neustria,-1.581944,42.754476
166,Lasiocampidae_Malacosoma_neustria,-0.000142,51.673983
176,Lasiocampidae_Malacosoma_neustria,-6.62215,42.540041
186,Lasiocampidae_Malacosoma_neustria,-2.377109,51.587473
197,Lasiocampidae_Malacosoma_neustria,5.57153,43.182847
207,Lasiocampidae_Malacosoma_neustria,-3.41,48.599998
2111,Lasiocampidae_Malacosoma_neustria,2.222672,48.518623
225,Lasiocampidae_Malacosoma_neustria,-3.185354,51.427301
237,Lasiocampidae_Malacosoma_neustria,1.28,47.490002
245,Lasiocampidae_Malacosoma_neustria,0.756878,47.33665
256,Lasiocampidae_Malacosoma_neustria,-1.068409,45.897361
265,Lasiocampidae_Malacosoma_neustria,-0.256877,43.339751
275,Lasiocampidae_Malacosoma_neustria,4.735163,45.815762
284,Lasiocampidae_Malacosoma_neustria,0.493927,45.791356
294,Lasiocampidae_Malacosoma_neustria,-1.069373,45.897725
306,Lasiocampidae_Malacosoma_neustria,7.856117,48.051933
3110,Lasiocampidae_Malacosoma_neustria,2.221024,48.516371
325,Lasiocampidae_Malacosoma_neustria,-0.138333,48.152253
335,Lasiocampidae_Malacosoma_neustria,4.712223,48.605839
345,Lasiocampidae_Malacosoma_neustria,2.893371,44.496819
356,Lasiocampidae_Malacosoma_neustria,-4.519428,53.243267
365,Lasiocampidae_Malacosoma_neustria,-1.872065,51.591593
375,Lasiocampidae_Malacosoma_neustria,4.815976,48.604057
384,Lasiocampidae_Malacosoma_neustria,-0.456302,47.173003
393,Lasiocampidae_Malacosoma_neustria,2.89,44.5
404,Lasiocampidae_Malacosoma_neustria,0.213942,46.89136
4110,Lasiocampidae_Malacosoma_neustria,-2.691831,48.481424
424,Lasiocampidae_Malacosoma_neustria,-4.274872,48.459531
433,Lasiocampidae_Malacosoma_neustria,7.908929,48.474147
445,Lasiocampidae_Malacosoma_neustria,-5.227878,51.73692
466,Lasiocampidae_Malacosoma_neustria,2.72347,48.4215
475,Lasiocampidae_Malacosoma_neustria,-4.519445,53.243305
485,Lasiocampidae_Malacosoma_neustria,13.039503,41.344105
497,Lasiocampidae_Malacosoma_neustria,0.652422,47.446181
506,Lasiocampidae_Malacosoma_neustria,-3.018606,43.265126
5110,Lasiocampidae_Malacosoma_neustria,0.262506,48.466703
524,Lasiocampidae_Malacosoma_neustria,6.094096,46.212021
544,Lasiocampidae_Malacosoma_neustria,1.64726,41.529213
554,Lasiocampidae_Malacosoma_neustria,-4.094207,48.195372
564,Lasiocampidae_Malacosoma_neustria,6.094572,46.21213
573,Lasiocampidae_Malacosoma_neustria,1.639833,44.501187
583,Lasiocampidae_Malacosoma_neustria,-2.695359,48.479649
596,Lasiocampidae_Malacosoma_neustria,9.486912,49.494959
604,Lasiocampidae_Malacosoma_neustria,-3.93092,51.614313
6110,Lasiocampidae_Malacosoma_neustria,-1.709114,48.150292
626,Lasiocampidae_Malacosoma_neustria,5.190522,46.788346
635,Lasiocampidae_Malacosoma_neustria,5.922497,47.064606
644,Lasiocampidae_Malacosoma_neustria,-3.442287,50.791953
655,Lasiocampidae_Malacosoma_neustria,-2.799086,48.472709
664,Lasiocampidae_Malacosoma_neustria,0.547699,51.616473
676,Lasiocampidae_Malacosoma_neustria,51.794207,55.657789
685,Lasiocampidae_Malacosoma_neustria,7.890416,48.481167
694,Lasiocampidae_Malacosoma_neustria,52.78924,54.531832
704,Lasiocampidae_Malacosoma_neustria,1.105061,44.794262
7111,Lasiocampidae_Malacosoma_neustria,-0.529107,52.253231
724,Lasiocampidae_Malacosoma_neustria,51.843125,55.650241
734,Lasiocampidae_Malacosoma_neustria,1.071667,44.813841
746,Lasiocampidae_Malacosoma_neustria,52.393963,55.764369
754,Lasiocampidae_Malacosoma_neustria,7.899497,48.475693
765,Lasiocampidae_Malacosoma_neustria,7.623782,46.300925
775,Lasiocampidae_Malacosoma_neustria,34.382325,53.278889
785,Lasiocampidae_Malacosoma_neustria,52.739695,55.092854
794,Lasiocampidae_Malacosoma_neustria,-2.703938,50.691188
805,Lasiocampidae_Malacosoma_neustria,5.998116,47.297391
8110,Lasiocampidae_Malacosoma_neustria,-5.371396,50.236124
826,Lasiocampidae_Malacosoma_neustria,2.811463,48.015928
834,Lasiocampidae_Malacosoma_neustria,0.65187,51.660823
844,Lasiocampidae_Malacosoma_neustria,-2.348111,52.041544
855,Lasiocampidae_Malacosoma_neustria,-2.281902,51.753082
863,Lasiocampidae_Malacosoma_neustria,6.091203,46.206883
875,Lasiocampidae_Malacosoma_neustria,-4.571317,53.334628
885,Lasiocampidae_Malacosoma_neustria,-4.644934,53.294126
895,Lasiocampidae_Malacosoma_neustria,7.563578,47.877157
905,Lasiocampidae_Malacosoma_neustria,-2.287235,48.667
9110,Lasiocampidae_Malacosoma_neustria,-5.309137,50.082267
926,Lasiocampidae_Malacosoma_neustria,6.127041,46.29628
934,Lasiocampidae_Malacosoma_neustria,0.272019,52.044303
944,Lasiocampidae_Malacosoma_neustria,52.281611,54.892528
955,Lasiocampidae_Malacosoma_neustria,-4.196253,51.091434
966,Lasiocampidae_Malacosoma_neustria,-1.959562,50.592934
974,Lasiocampidae_Malacosoma_neustria,-5.238668,51.735737
986,Lasiocampidae_Malacosoma_neustria,-1.56894,48.483482
995,Lasiocampidae_Malacosoma_neustria,0.912876,51.901964
1005,Lasiocampidae_Malacosoma_neustria,7.440754,51.915564
129,Lasiocampidae_Euthrix_isocyma,114.221145,22.381458
226,Lasiocampidae_Euthrix_isocyma,114.236534,22.239518
326,Lasiocampidae_Euthrix_isocyma,114.244848,22.253674
420,Lasiocampidae_Euthrix_isocyma,114.159213,22.25389
520,Lasiocampidae_Euthrix_isocyma,114.117738,22.229987
627,Lasiocampidae_Euthrix_isocyma,114.092051,22.356191
725,Lasiocampidae_Euthrix_isocyma,114.181209,22.425747
827,Lasiocampidae_Euthrix_isocyma,114.212308,22.510741
927,Lasiocampidae_Euthrix_isocyma,114.212639,22.510917
107,Lasiocampidae_Euthrix_isocyma,113.853231,22.243967
1111,Lasiocampidae_Euthrix_isocyma,114.193751,22.435744
1210,Lasiocampidae_Euthrix_isocyma,114.145197,22.386188
136,Lasiocampidae_Euthrix_isocyma,114.272677,22.398569
149,Lasiocampidae_Euthrix_isocyma,114.193794,22.435707
159,Lasiocampidae_Euthrix_isocyma,114.291912,22.29614
167,Lasiocampidae_Euthrix_isocyma,114.192279,22.434301
177,Lasiocampidae_Euthrix_isocyma,114.192805,22.43595
187,Lasiocampidae_Euthrix_isocyma,114.116298,22.224077
198,Lasiocampidae_Euthrix_isocyma,114.182843,22.437055
208,Lasiocampidae_Euthrix_isocyma,113.994744,22.266032
2112,Lasiocampidae_Euthrix_isocyma,114.150674,22.350339
227,Lasiocampidae_Euthrix_isocyma,113.983007,22.390457
238,Lasiocampidae_Euthrix_isocyma,114.23481,22.418019
246,Lasiocampidae_Euthrix_isocyma,114.199375,22.262428
257,Lasiocampidae_Euthrix_isocyma,113.982111,22.394507
266,Lasiocampidae_Euthrix_isocyma,114.144258,22.273946
276,Lasiocampidae_Euthrix_isocyma,114.197657,22.26249
285,Lasiocampidae_Euthrix_isocyma,113.950378,22.272045
307,Lasiocampidae_Euthrix_isocyma,113.950508,22.271988
3111,Lasiocampidae_Euthrix_isocyma,114.2395,22.4204
327,Lasiocampidae_Euthrix_isocyma,114.194111,22.261398
336,Lasiocampidae_Euthrix_isocyma,114.141936,22.272137
346,Lasiocampidae_Euthrix_isocyma,114.236591,22.259511
357,Lasiocampidae_Euthrix_isocyma,114.136718,22.277485
405,Lasiocampidae_Euthrix_isocyma,114.115517,22.223684
4111,Lasiocampidae_Euthrix_isocyma,114.12475,22.4364
425,Lasiocampidae_Euthrix_isocyma,114.124721,22.436392
446,Lasiocampidae_Euthrix_isocyma,114.114,22.4285
456,Lasiocampidae_Euthrix_isocyma,114.114223,22.428418
467,Lasiocampidae_Euthrix_isocyma,114.192544,22.43608
476,Lasiocampidae_Euthrix_isocyma,114.304344,22.405922
486,Lasiocampidae_Euthrix_isocyma,114.330643,22.46196
498,Lasiocampidae_Euthrix_isocyma,113.920512,22.227441
507,Lasiocampidae_Euthrix_isocyma,114.222577,22.52826
5111,Lasiocampidae_Euthrix_isocyma,113.972513,22.39083
525,Lasiocampidae_Euthrix_isocyma,114.216311,22.451071
535,Lasiocampidae_Euthrix_isocyma,114.242611,22.291759
545,Lasiocampidae_Euthrix_isocyma,114.19107,22.258759
565,Lasiocampidae_Euthrix_isocyma,114.243712,22.293735
574,Lasiocampidae_Euthrix_isocyma,114.197024,22.383666
597,Lasiocampidae_Euthrix_isocyma,114.249098,22.30918
605,Lasiocampidae_Euthrix_isocyma,114.263561,22.326316
628,Lasiocampidae_Euthrix_isocyma,114.388808,22.470508
636,Lasiocampidae_Euthrix_isocyma,114.28079,22.405122
645,Lasiocampidae_Euthrix_isocyma,114.281119,22.405389
665,Lasiocampidae_Euthrix_isocyma,114.109889,22.413397
677,Lasiocampidae_Euthrix_isocyma,113.936005,22.279506
686,Lasiocampidae_Euthrix_isocyma,114.13596,22.354765
695,Lasiocampidae_Euthrix_isocyma,114.139409,22.279105
705,Lasiocampidae_Euthrix_isocyma,114.139667,22.278934
7112,Lasiocampidae_Euthrix_isocyma,114.1396,22.279
726,Lasiocampidae_Euthrix_isocyma,114.191583,22.436437
735,Lasiocampidae_Euthrix_isocyma,114.18555,22.423651
747,Lasiocampidae_Euthrix_isocyma,114.192055,22.43643
755,Lasiocampidae_Euthrix_isocyma,114.200715,22.387952
766,Lasiocampidae_Euthrix_isocyma,114.234605,22.50929
776,Lasiocampidae_Euthrix_isocyma,114.264236,22.337783
786,Lasiocampidae_Euthrix_isocyma,113.975349,22.243376
828,Lasiocampidae_Euthrix_isocyma,113.983487,22.39221
835,Lasiocampidae_Euthrix_isocyma,113.946993,22.27367
845,Lasiocampidae_Euthrix_isocyma,113.843702,22.213237
856,Lasiocampidae_Euthrix_isocyma,113.948844,22.271058
864,Lasiocampidae_Euthrix_isocyma,114.092083,22.35621
896,Lasiocampidae_Euthrix_isocyma,114.13601,22.35415
906,Lasiocampidae_Euthrix_isocyma,114.135389,22.353793
9111,Lasiocampidae_Euthrix_isocyma,114.092087,22.356194
928,Lasiocampidae_Euthrix_isocyma,114.091508,22.356093
935,Lasiocampidae_Euthrix_isocyma,114.092197,22.35617
956,Lasiocampidae_Euthrix_isocyma,114.240275,22.427676
967,Lasiocampidae_Euthrix_isocyma,114.091521,22.356092
975,Lasiocampidae_Euthrix_isocyma,114.192875,22.435908
987,Lasiocampidae_Euthrix_isocyma,114.146156,22.271638
996,Lasiocampidae_Euthrix_isocyma,114.320072,22.396787
1006,Lasiocampidae_Euthrix_isocyma,114.136647,22.352381
130,Lasiocampidae_Euthrix_inobtrusa,98.525939,8.914131
137,Lasiocampidae_Paralebeda_lucifuga,100.26368,5.415898
228,Lasiocampidae_Paralebeda_lucifuga,117.803554,4.965856
328,Lasiocampidae_Paralebeda_lucifuga,115.180129,-8.332822
426,Lasiocampidae_Paralebeda_lucifuga,100.191708,6.699026
829,Lasiocampidae_Paralebeda_lucifuga,121.537,24.852
108,Lasiocampidae_Paralebeda_lucifuga,121.502,24.175
1112,Lasiocampidae_Paralebeda_lucifuga,121.173,24.09
1211,Lasiocampidae_Paralebeda_lucifuga,115.998,-1.451
138,Lasiocampidae_Paralebeda_lucifuga,121.31,25
1510,Lasiocampidae_Paralebeda_lucifuga,120.9,22.45
168,Lasiocampidae_Paralebeda_lucifuga,120.675,23.919
188,Lasiocampidae_Paralebeda_lucifuga,120.67,23.92
139,Lasiocampidae_Syrastrena_sumatrana,121.204559,24.708163
229,Lasiocampidae_Syrastrena_sumatrana,121.0989,24.831353
329,Lasiocampidae_Syrastrena_sumatrana,121.483738,24.198355
427,Lasiocampidae_Syrastrena_sumatrana,120.68721,22.67603
526,Lasiocampidae_Syrastrena_sumatrana,121.0135,24.1888
629,Lasiocampidae_Syrastrena_sumatrana,121.58668,24.980612
727,Lasiocampidae_Syrastrena_sumatrana,121.512303,24.178369
1511,Lasiocampidae_Syrastrena_sumatrana,121.085755,24.003018
169,Lasiocampidae_Syrastrena_sumatrana,121.215414,24.75406
209,Lasiocampidae_Syrastrena_sumatrana,121.470973,24.653378
2210,Lasiocampidae_Syrastrena_sumatrana,121.367737,24.830292
247,Lasiocampidae_Syrastrena_sumatrana,121.247467,24.811551
267,Lasiocampidae_Syrastrena_sumatrana,121.089135,24.005017
277,Lasiocampidae_Syrastrena_sumatrana,121.142562,24.765895
286,Lasiocampidae_Syrastrena_sumatrana,120.57667,23.19036
295,Lasiocampidae_Syrastrena_sumatrana,121.014538,24.017727
308,Lasiocampidae_Syrastrena_sumatrana,116.408463,5.796837
3210,Lasiocampidae_Syrastrena_sumatrana,120.738201,22.887435
347,Lasiocampidae_Syrastrena_sumatrana,120.950472,24.54165
358,Lasiocampidae_Syrastrena_sumatrana,121.027966,24.092858
385,Lasiocampidae_Syrastrena_sumatrana,121.470971,24.653388
394,Lasiocampidae_Syrastrena_sumatrana,121.48252,24.206908
406,Lasiocampidae_Syrastrena_sumatrana,120.933936,23.966129
4112,Lasiocampidae_Syrastrena_sumatrana,121.176944,23.953429
457,Lasiocampidae_Syrastrena_sumatrana,121.139495,24.699263
468,Lasiocampidae_Syrastrena_sumatrana,120.989397,23.951416
477,Lasiocampidae_Syrastrena_sumatrana,120.983112,24.072911
499,Lasiocampidae_Syrastrena_sumatrana,120.907453,24.081222
5112,Lasiocampidae_Syrastrena_sumatrana,121.513691,24.177142
527,Lasiocampidae_Syrastrena_sumatrana,120.755639,24.443389
536,Lasiocampidae_Syrastrena_sumatrana,121.595229,24.757517
584,Lasiocampidae_Syrastrena_sumatrana,121.089656,24.642401
598,Lasiocampidae_Syrastrena_sumatrana,121.493841,24.184556
606,Lasiocampidae_Syrastrena_sumatrana,121.499691,24.972676
637,Lasiocampidae_Syrastrena_sumatrana,121.472842,24.650486
666,Lasiocampidae_Syrastrena_sumatrana,121.48923,24.209559
687,Lasiocampidae_Syrastrena_sumatrana,121.67993,24.74229
696,Lasiocampidae_Syrastrena_sumatrana,121.69121,24.980466
706,Lasiocampidae_Syrastrena_sumatrana,120.685556,22.967722
7113,Lasiocampidae_Syrastrena_sumatrana,120.68557,22.967711
728,Lasiocampidae_Syrastrena_sumatrana,121.553876,24.863641
748,Lasiocampidae_Syrastrena_sumatrana,121.257305,24.810577
777,Lasiocampidae_Syrastrena_sumatrana,120.669836,22.967314
787,Lasiocampidae_Syrastrena_sumatrana,120.948004,24.273494
8111,Lasiocampidae_Syrastrena_sumatrana,120.668056,22.996667
865,Lasiocampidae_Syrastrena_sumatrana,120.88111,23.895833
876,Lasiocampidae_Syrastrena_sumatrana,121.618011,24.663457
997,Lasiocampidae_Syrastrena_sumatrana,120.678889,22.970833
140,Lasiocampidae_Kunugia_undans,121.501175,23.918411
230,Lasiocampidae_Kunugia_undans,121.818841,24.460113
330,Lasiocampidae_Kunugia_undans,121.575078,25.109304
428,Lasiocampidae_Kunugia_undans,121.38329,24.679388
528,Lasiocampidae_Kunugia_undans,121.571472,25.107778
630,Lasiocampidae_Kunugia_undans,121.535535,25.131828
729,Lasiocampidae_Kunugia_undans,121.089215,24.642116
830,Lasiocampidae_Kunugia_undans,121.56651,25.158376
929,Lasiocampidae_Kunugia_undans,121.574057,25.167154
109,Lasiocampidae_Kunugia_undans,121.367737,24.830292
1113,Lasiocampidae_Kunugia_undans,120.950472,24.54165
1212,Lasiocampidae_Kunugia_undans,120.682948,23.456003
1310,Lasiocampidae_Kunugia_undans,121.548683,23.966727
1410,Lasiocampidae_Kunugia_undans,120.791288,23.634402
1512,Lasiocampidae_Kunugia_undans,121.142832,24.031932
1610,Lasiocampidae_Kunugia_undans,121.688789,24.95164
178,Lasiocampidae_Kunugia_undans,121.574732,25.106825
189,Lasiocampidae_Kunugia_undans,121.636176,25.127981
199,Lasiocampidae_Kunugia_undans,121.636635,25.131327
2010,Lasiocampidae_Kunugia_undans,121.021765,23.18714
2113,Lasiocampidae_Kunugia_undans,121.123656,23.956271
2211,Lasiocampidae_Kunugia_undans,121.408057,24.654466
239,Lasiocampidae_Kunugia_undans,121.287418,24.750729
258,Lasiocampidae_Kunugia_undans,120.799194,24.179806
278,Lasiocampidae_Kunugia_undans,121.525068,25.186146
287,Lasiocampidae_Kunugia_undans,121.416857,24.816144
296,Lasiocampidae_Kunugia_undans,121.529194,25.171278
309,Lasiocampidae_Kunugia_undans,121.723028,25.063028
3112,Lasiocampidae_Kunugia_undans,120.805945,24.366006
3211,Lasiocampidae_Kunugia_undans,120.783432,24.176227
337,Lasiocampidae_Kunugia_undans,120.696593,22.609735
348,Lasiocampidae_Kunugia_undans,128.142201,37.458203
359,Lasiocampidae_Kunugia_undans,128.145357,37.45782
376,Lasiocampidae_Kunugia_undans,127.434822,37.271995
386,Lasiocampidae_Kunugia_undans,127.434822,37.272307
395,Lasiocampidae_Kunugia_undans,121.40286,24.180897
4113,Lasiocampidae_Kunugia_undans,121.114376,24.503576
429,Lasiocampidae_Kunugia_undans,121.429278,24.201361
458,Lasiocampidae_Kunugia_undans,120.93841,23.852957
478,Lasiocampidae_Kunugia_undans,121.222288,24.687385
487,Lasiocampidae_Kunugia_undans,121.173861,24.033778
4910,Lasiocampidae_Kunugia_undans,121.156185,24.642725
508,Lasiocampidae_Kunugia_undans,120.907246,24.24107
5113,Lasiocampidae_Kunugia_undans,121.542763,24.845792
537,Lasiocampidae_Kunugia_undans,121.595229,24.757517
546,Lasiocampidae_Kunugia_undans,120.69443,23.669901
555,Lasiocampidae_Kunugia_undans,120.697121,23.472811
575,Lasiocampidae_Kunugia_undans,120.948004,24.273494
585,Lasiocampidae_Kunugia_undans,121.05339,22.803106
599,Lasiocampidae_Kunugia_undans,121.291257,24.871537
6111,Lasiocampidae_Kunugia_undans,121.4458,24.833918
6210,Lasiocampidae_Kunugia_undans,120.964152,24.53666
638,Lasiocampidae_Kunugia_undans,121.570664,25.166004
646,Lasiocampidae_Kunugia_undans,120.675682,24.120589
656,Lasiocampidae_Kunugia_undans,120.558806,23.181444
667,Lasiocampidae_Kunugia_undans,121.365343,24.403791
678,Lasiocampidae_Kunugia_undans,121.366944,24.404028
688,Lasiocampidae_Kunugia_undans,121.538923,25.161675
697,Lasiocampidae_Kunugia_undans,121.279999,24.750555
707,Lasiocampidae_Kunugia_undans,121.571732,24.174319
7114,Lasiocampidae_Kunugia_undans,121.466013,24.834389
7210,Lasiocampidae_Kunugia_undans,120.820174,24.206252
736,Lasiocampidae_Kunugia_undans,121.403679,24.723756
756,Lasiocampidae_Kunugia_undans,121.563878,25.168591
767,Lasiocampidae_Kunugia_undans,121.541176,24.841272
788,Lasiocampidae_Kunugia_undans,121.259204,24.822669
795,Lasiocampidae_Kunugia_undans,128.142742,37.456337
8210,Lasiocampidae_Kunugia_undans,120.674707,23.478064
846,Lasiocampidae_Kunugia_undans,121.007064,24.254747
857,Lasiocampidae_Kunugia_undans,121.339674,24.187944
866,Lasiocampidae_Kunugia_undans,121.118675,24.504722
877,Lasiocampidae_Kunugia_undans,121.418145,24.193087
886,Lasiocampidae_Kunugia_undans,121.253702,24.588973
897,Lasiocampidae_Kunugia_undans,121.281808,24.667618
9112,Lasiocampidae_Kunugia_undans,121.114066,24.50592
936,Lasiocampidae_Kunugia_undans,121.282019,24.667954
945,Lasiocampidae_Kunugia_undans,121.727332,24.968163
957,Lasiocampidae_Kunugia_undans,121.178042,23.953038
976,Lasiocampidae_Kunugia_undans,121.014538,24.017727
988,Lasiocampidae_Kunugia_undans,121.00813,24.255555
1007,Lasiocampidae_Kunugia_undans,121.008002,24.254282
