,no.,seqIDs,species,Lon,Lat
1,1,SS110718.176,Lasiocampidae_Gastropacha_quercifolia,115.79,40.51
2,2,GDYS150720.0052,Lasiocampidae_Dendrolimus_punctatus,110.0239,24.14524
3,3,QYGL150605.1549,Lasiocampidae_Alompra_ferruginea,109.5478,19.09556
4,4,SS110719.312,Lasiocampidae_Paralebeda_femorata,115.79,40.51
5,5,WLS110721.044,Lasiocampidae_Odonestis_pruni,117.45,40.63
6,6,SS100718.004,Lasiocampidae_Gastropacha_quercifolia,115.79,40.51
7,7,WLS110721.054,Lasiocampidae_Dendrolimus_superans,117.45,40.63
8,8,LBGM170814.007,Lasiocampidae_Gastropacha_populifolia,116.5,40.95
9,9,SS110719.302,Lasiocampidae_Paralebeda_femorata,115.79,40.51
10,10,JG170726.S10,Lasiocampidae_Dendrolimus_tabulaeformis,116.032,40.06242
11,11,DLS110924.031,Lasiocampidae_Trabala_vishnou,115.4866,39.95145
12,12,QDLS170612.0010,Lasiocampidae_Odonestis_pruni,109.8961,18.67
13,13,WLS110721.180,Lasiocampidae_Gastropacha_quercifolia,117.45,40.63
14,14,JG170812.038,Lasiocampidae_Gastropacha_quercifolia,116.032,40.06242
15,15,GSWDS150606.004,Lasiocampidae_Dendrolimus_kikuchii,107.9114,21.91278
16,16,GJWS150724.007,Lasiocampidae_Dendrolimus_kikuchii,108.6275,25.30734
17,17,JMH170609.019,Lasiocampidae_Odonestis_pruni,112.4619,35.2575
18,18,GLHS150721.022,Lasiocampidae_Euthrix_laeta,110.1087,24.15459
19,19,GYSGY150718.013,Lasiocampidae_Dendrolimus_kikuchii,110.2454,24.20921
20,20,GSWDS170413.0008,Lasiocampidae_Dendrolimus_tabulaeformis,107.9114,21.91278
21,21,SS110702.046,Lasiocampidae_Malacosoma_neustria,115.79,40.51
22,22,WLS110721.501,Lasiocampidae_Dendrolimus_superans,117.45,40.63
23,23,SS100718.045,Lasiocampidae_Dendrolimus_superans,115.79,40.51
24,24,SS110719.313,Lasiocampidae_Paralebeda_femorata,115.79,40.51
25,25,ZTMS170520.0012,Lasiocampidae_Gastropacha_populifolia,119.5629,30.36806
26,26,GSWDS170618.0001,Lasiocampidae_Dendrolimus_tabulaeformis,107.9114,21.91278
27,27,LBGM100726.014,Lasiocampidae_Dendrolimus_superans,116.5,40.95
28,28,JG110802.003,Lasiocampidae_Dendrolimus_tabulaeformis,116.032,40.06242
29,29,GJHC170418.0007,Lasiocampidae_Malacosoma_neustria,108.1103,21.74722
30,30,GDYS150720.0064,Lasiocampidae_Dendrolimus_punctatus,110.0239,24.14524
31,31,DLS170715.S3,Lasiocampidae_Gastropacha_populifolia,115.4866,39.95145
32,32,QWZS170608.012,Lasiocampidae_Odonestis_pruni,109.6794,18.90667
33,33,DLS170715.S1,Lasiocampidae_Gastropacha_quercifolia,115.4866,39.95145
34,34,SS110719.326,Lasiocampidae_Paralebeda_femorata,115.79,40.51
35,35,GJHC170418.0001,Lasiocampidae_Dendrolimus_tabulaeformis,108.1103,21.74722
36,36,SS110702.089,Lasiocampidae_Malacosoma_neustria,115.79,40.51
37,37,SS110702.180,Lasiocampidae_Malacosoma_neustria,115.79,40.51
38,38,WLS110721.037,Lasiocampidae_Dendrolimus_superans,117.45,40.63
39,39,GSWDS150606.001,Lasiocampidae_Dendrolimus_kikuchii,107.9114,21.91278
40,40,SS110719.308,Lasiocampidae_Paralebeda_femorata,115.79,40.51
41,41,SS130722.100,Lasiocampidae_Gastropacha_quercifolia,115.79,40.51
42,42,DLS170725.S4,Lasiocampidae_Gastropacha_quercifolia,115.4866,39.95145
43,43,BHS100703.004,Lasiocampidae_Gastropacha_populifolia,115.5576,39.85411
44,44,GSWDS150607.005,Lasiocampidae_Dendrolimus_punctatus,107.9114,21.91278
45,45,WLS130803.098,Lasiocampidae_Dendrolimus_superans,117.45,40.63
46,46,LBGM170815.S3,Lasiocampidae_Gastropacha_populifolia,116.5,40.95
47,47,JG170726.S7,Lasiocampidae_Dendrolimus_tabulaeformis,116.032,40.06242
48,48,LBGM170815.S5,Lasiocampidae_Gastropacha_populifolia,116.5,40.95
49,49,JG170812.022,Lasiocampidae_Gastropacha_quercifolia,116.032,40.06242
50,50,JF170727.S1,Lasiocampidae_Gastropacha_quercifolia,116.0983,40.06593
51,51,GMES150723.014,Lasiocampidae_Paralebeda_femorata,110.3993,25.80374
52,52,YSCD150604.704,Lasiocampidae_Dendrolimus_punctatus,112.8231,21.74278
53,53,WLS110721.009,Lasiocampidae_Gastropacha_populifolia,117.45,40.63
54,54,YSCD150605.527,Lasiocampidae_Euthrix_isocyma,112.8231,21.74278
55,55,YTLDS150609.1142,Lasiocampidae_Euthrix_inobtrusa,111.3853,23.19772
56,56,GLFJ170412.0004,Lasiocampidae_Dendrolimus_tabulaeformis,108.2823,22.72419
57,57,LBGM170815.S12,Lasiocampidae_Gastropacha_populifolia,116.5,40.95
58,58,LBGM170814.006,Lasiocampidae_Gastropacha_populifolia,116.5,40.95
59,59,GJWS150725.007,Lasiocampidae_Paralebeda_femorata,108.6275,25.30734
60,60,WLS110721.031,Lasiocampidae_Odonestis_pruni,117.45,40.63
61,61,WLS110721.362,Lasiocampidae_Gastropacha_populifolia,117.45,40.63
62,62,SS100718.054,Lasiocampidae_Dendrolimus_superans,115.79,40.51
63,63,WLS130721.050,Lasiocampidae_Dendrolimus_superans,117.45,40.63
64,64,WLS130803.443,Lasiocampidae_Gastropacha_quercifolia,117.45,40.63
65,65,GJWS150724.005,Lasiocampidae_Trabala_vishnou,108.6275,25.30734
66,66,YSCD170606.005,Lasiocampidae_Dendrolimus_tabulaeformis,112.8231,21.74278
67,67,LBGM170815.S11,Lasiocampidae_Gastropacha_populifolia,116.5,40.95
68,68,SS110719.331,Lasiocampidae_Dendrolimus_superans,115.79,40.51
69,69,WLS110821.110,Lasiocampidae_Gastropacha_populifolia,117.45,40.63
70,70,GNG170416.0003,Lasiocampidae_Gastropacha_populifolia,106.9575,22.47444
71,71,YSCD150604.705,Lasiocampidae_Dendrolimus_punctatus,112.8231,21.74278
72,72,GLHS150721.010,Lasiocampidae_Dendrolimus_kikuchii,110.1087,24.15459
73,73,JG170812.028,Lasiocampidae_Dendrolimus_tabulaeformis,116.032,40.06242
74,74,SS100718.449,Lasiocampidae_Gastropacha_quercifolia,115.79,40.51
75,75,JG170812.030,Lasiocampidae_Gastropacha_quercifolia,116.032,40.06242
76,76,JG110803.018,Lasiocampidae_Dendrolimus_superans,116.032,40.06242
77,77,WLS130721.056,Lasiocampidae_Odonestis_pruni,117.45,40.63
78,78,WLS130721.062,Lasiocampidae_Gastropacha_quercifolia,117.45,40.63
79,79,GDYS150719.005,Lasiocampidae_Dendrolimus_kikuchii,110.0239,24.14524
80,80,GLHS150721.002,Lasiocampidae_Trabala_vishnou,110.1087,24.15459
81,81,JG170812.021,Lasiocampidae_Gastropacha_quercifolia,116.032,40.06242
82,82,LBGM100726.030,Lasiocampidae_Dendrolimus_superans,116.5,40.95
83,83,WLS130721.013,Lasiocampidae_Gastropacha_quercifolia,117.45,40.63
84,84,GSWDS170615.0011,Lasiocampidae_Gastropacha_populifolia,107.9114,21.91278
85,85,WLS110721.016,Lasiocampidae_Odonestis_pruni,117.45,40.63
86,86,WLS110721.017,Lasiocampidae_Gastropacha_quercifolia,117.45,40.63
87,87,BHS170801.S4,Lasiocampidae_Paralebeda_femorata,115.5576,39.85411
88,88,GDYS150720.0058,Lasiocampidae_Dendrolimus_punctatus,110.0239,24.14524
89,89,SS110719.325,Lasiocampidae_Gastropacha_quercifolia,115.79,40.51
90,90,SS110803.061,Lasiocampidae_Dendrolimus_tabulaeformis,115.79,40.51
91,91,GLHS150721.027,Lasiocampidae_Dendrolimus_punctatus,110.1087,24.15459
92,92,JG170812.023,Lasiocampidae_Gastropacha_quercifolia,116.032,40.06242
93,93,JG170812.034,Lasiocampidae_Gastropacha_quercifolia,116.032,40.06242
94,94,GSWDS150607.006,Lasiocampidae_Euthrix_laeta,107.9114,21.91278
95,95,DLS170725.S3,Lasiocampidae_Gastropacha_populifolia,115.4866,39.95145
96,96,QJFL170329.0001,Lasiocampidae_Odonestis_pruni,109.4236,19.24278
97,97,WLS170718.039,Lasiocampidae_Paralebeda_lucifuga,117.45,40.63
98,98,WLS110721.062,Lasiocampidae_Paralebeda_femorata,117.45,40.63
99,99,WLS110721.078,Lasiocampidae_Gastropacha_quercifolia,117.45,40.63
100,100,SS110702.203,Lasiocampidae_Malacosoma_neustria,115.79,40.51
101,101,LBGM170720.S2,Lasiocampidae_Gastropacha_quercifolia,116.5,40.95
102,102,SS110719.287,Lasiocampidae_Gastropacha_quercifolia,115.79,40.51
103,103,WLS130721.001,Lasiocampidae_Paralebeda_femorata,117.45,40.63
104,104,LBGM100726.274,Lasiocampidae_Gastropacha_quercifolia,116.5,40.95
105,105,WLS110721.005,Lasiocampidae_Malacosoma_neustria,117.45,40.63
106,106,SS110719.306,Lasiocampidae_Paralebeda_femorata,115.79,40.51
107,107,ZDSD170812.010,Lasiocampidae_Euthrix_laeta,122.1747,30.25611
108,108,BHS100703.297,Lasiocampidae_Dendrolimus_tabulaeformis,115.5576,39.85411
109,109,ZHDS170805.003,Lasiocampidae_Dendrolimus_kikuchii,121.0928,29.25333
110,110,SS110803.131,Lasiocampidae_Paralebeda_femorata,115.79,40.51
111,111,WLS110721.019,Lasiocampidae_Gastropacha_quercifolia,117.45,40.63
112,112,JWML170612.0002,Lasiocampidae_Gastropacha_populifolia,113.2239,35.75556
113,113,WLS130721.146,Lasiocampidae_Gastropacha_quercifolia,117.45,40.63
114,114,SS110718.175,Lasiocampidae_Gastropacha_quercifolia,115.79,40.51
115,115,LBGM170720.S1,Lasiocampidae_Gastropacha_quercifolia,116.5,40.95
116,116,DLS170725.S1,Lasiocampidae_Gastropacha_populifolia,115.4866,39.95145
117,117,SS110803.052,Lasiocampidae_Gastropacha_populifolia,115.79,40.51
118,118,WLS130721.404,Lasiocampidae_Gastropacha_quercifolia,117.45,40.63
119,119,SS110719.301,Lasiocampidae_Gastropacha_quercifolia,115.79,40.51
120,120,GDYS150720.0055,Lasiocampidae_Radhica_puana,110.0239,24.14524
121,121,WLS130803.091,Lasiocampidae_Gastropacha_quercifolia,117.45,40.63
122,122,GSWDS170415.0006,Lasiocampidae_Dendrolimus_tabulaeformis,107.9114,21.91278
123,123,ZSJS170805.001,Lasiocampidae_Euthrix_laeta,122.4589,30.70917
124,124,GSWDS150607.004,Lasiocampidae_Dendrolimus_punctatus,107.9114,21.91278
125,125,JG170812.018,Lasiocampidae_Gastropacha_quercifolia,116.032,40.06242
126,126,WLS110721.111,Lasiocampidae_Odonestis_pruni,117.45,40.63
127,127,SS110719.299,Lasiocampidae_Dendrolimus_superans,115.79,40.51
128,128,LBGM170815.S2,Lasiocampidae_Dendrolimus_superans,116.5,40.95
129,129,YSCD150604.699,Lasiocampidae_Dendrolimus_punctatus,112.8231,21.74278
130,130,LBGM170815.S4,Lasiocampidae_Gastropacha_populifolia,116.5,40.95
131,131,WLS130721.041,Lasiocampidae_Dendrolimus_superans,117.45,40.63
132,132,SS100718.473,Lasiocampidae_Dendrolimus_superans,115.79,40.51
133,133,SS130805.457,Lasiocampidae_Paralebeda_femorata,115.79,40.51
134,134,JF170810.026,Lasiocampidae_Gastropacha_quercifolia,116.0983,40.06593
135,135,GSWDS170415.0003,Lasiocampidae_Dendrolimus_tabulaeformis,107.9114,21.91278
136,136,GSWDS170415.0008,Lasiocampidae_Dendrolimus_tabulaeformis,107.9114,21.91278
137,137,LBGM100726.052,Lasiocampidae_Dendrolimus_superans,116.5,40.95
138,138,QBWL150603.969,Lasiocampidae_Euthrix_isocyma,109.0908,19.07167
139,139,GMES150723.003,Lasiocampidae_Paralebeda_femorata,110.3993,25.80374
140,140,WLS130803.097,Lasiocampidae_Gastropacha_quercifolia,117.45,40.63
141,141,GJWS150725.016,Lasiocampidae_Dendrolimus_kikuchii,108.6275,25.30734
142,142,JG170812.036,Lasiocampidae_Gastropacha_quercifolia,116.032,40.06242
143,143,GNG150608.006,Lasiocampidae_Micropacha_gejra,106.9575,22.47444
144,144,SS100718.040,Lasiocampidae_Dendrolimus_superans,115.79,40.51
145,145,YSCD150605.532,Lasiocampidae_Dendrolimus_punctatus,112.8231,21.74278
146,146,JG170726.S9,Lasiocampidae_Dendrolimus_tabulaeformis,116.032,40.06242
147,147,BHS170801.S1,Lasiocampidae_Paralebeda_lucifuga,115.5576,39.85411
148,148,SS100718.457,Lasiocampidae_Gastropacha_quercifolia,115.79,40.51
149,149,JG170812.037,Lasiocampidae_Gastropacha_quercifolia,116.032,40.06242
150,150,ZSMS170810.002,Lasiocampidae_Euthrix_laeta,121.0675,29.74611
151,151,ZTTS170506.0009,Lasiocampidae_Syrastrena_sumatrana,121.7864,29.80472
152,152,JG110803.031,Lasiocampidae_Dendrolimus_tabulaeformis,116.032,40.06242
153,153,GSWDS150606.006,Lasiocampidae_Dendrolimus_kikuchii,107.9114,21.91278
154,154,SS110719.007,Lasiocampidae_Dendrolimus_tabulaeformis,115.79,40.51
155,155,SS110702.052,Lasiocampidae_Malacosoma_neustria,115.79,40.51
156,156,LBGM100726.039,Lasiocampidae_Gastropacha_quercifolia,116.5,40.95
157,157,SS130722.014,Lasiocampidae_Gastropacha_quercifolia,115.79,40.51
158,158,YXCD150606.0629,Lasiocampidae_Streblote_igniflua,112.5808,21.65817
159,159,LBGM170814.002,Lasiocampidae_Paralebeda_femorata,116.5,40.95
160,160,DLS110924.030,Lasiocampidae_Trabala_vishnou,115.4866,39.95145
161,161,GJWS150723.003,Lasiocampidae_Dendrolimus_punctatus,108.6275,25.30734
162,162,YSCD150604.698,Lasiocampidae_Dendrolimus_punctatus,112.8231,21.74278
163,163,LBGM100726.015,Lasiocampidae_Dendrolimus_superans,116.5,40.95
164,164,ZSMS170810.001,Lasiocampidae_Euthrix_laeta,121.0675,29.74611
165,165,WLS170718.044,Lasiocampidae_Gastropacha_quercifolia,117.45,40.63
166,166,QWZS170608.005,Lasiocampidae_Odonestis_pruni,109.6794,18.90667
167,167,SS110702.049,Lasiocampidae_Malacosoma_neustria,115.79,40.51
168,168,GDYS150720.0053,Lasiocampidae_Dendrolimus_punctatus,110.0239,24.14524
169,169,GJWS150726.027,Lasiocampidae_Kunugia_undans,108.6275,25.30734
170,170,WLS130721.253,Lasiocampidae_Gastropacha_quercifolia,117.45,40.63
171,171,YSCD150605.534,Lasiocampidae_Dendrolimus_punctatus,112.8231,21.74278
172,172,GSWDS170415.0009,Lasiocampidae_Paralebeda_femorata,107.9114,21.91278
173,173,QWZS170408.0001,Lasiocampidae_Trabala_vishnou,109.6794,18.90667
174,174,ZHDS170807.003,Lasiocampidae_Euthrix_laeta,121.0928,29.25333
175,175,SS110803.062,Lasiocampidae_Dendrolimus_tabulaeformis,115.79,40.51
176,176,YSCD150605.529,Lasiocampidae_Dendrolimus_kikuchii,112.8231,21.74278
177,177,LBGM100726.049,Lasiocampidae_Gastropacha_quercifolia,116.5,40.95
178,178,WLS110721.020,Lasiocampidae_Odonestis_pruni,117.45,40.63
179,179,GJHC170418.0002,Lasiocampidae_Dendrolimus_tabulaeformis,108.1103,21.74722
180,180,JG170812.029,Lasiocampidae_Gastropacha_quercifolia,116.032,40.06242
181,181,SS110718.133,Lasiocampidae_Malacosoma_neustria,115.79,40.51
182,182,WLS110721.006,Lasiocampidae_Paralebeda_lucifuga,117.45,40.63
183,183,GNG170416.0008,Lasiocampidae_Odonestis_pruni,106.9575,22.47444
184,184,WLS170718.046,Lasiocampidae_Gastropacha_quercifolia,117.45,40.63
185,185,LBGM170815.S7,Lasiocampidae_Gastropacha_populifolia,116.5,40.95
186,186,GSWDS150606.002,Lasiocampidae_Dendrolimus_kikuchii,107.9114,21.91278
187,187,WLS110721.049,Lasiocampidae_Paralebeda_femorata,117.45,40.63
188,188,YTLDS150609.1144,Lasiocampidae_Dendrolimus_kikuchii,111.3853,23.19772
189,189,YSCD150605.531,Lasiocampidae_Dendrolimus_punctatus,112.8231,21.74278
190,190,DLS170730.S1,Lasiocampidae_Paralebeda_lucifuga,115.4866,39.95145
191,191,LBGM100726.041,Lasiocampidae_Dendrolimus_superans,116.5,40.95
192,192,GJWS150723.004,Lasiocampidae_Paralebeda_femorata,108.6275,25.30734
193,193,GSWDS170413.0006,Lasiocampidae_Dendrolimus_tabulaeformis,107.9114,21.91278
194,194,LBGM170720.S4,Lasiocampidae_Gastropacha_populifolia,116.5,40.95
195,195,LBGM100726.035,Lasiocampidae_Dendrolimus_superans,116.5,40.95
196,196,YCBL150530.1345,Lasiocampidae_Dendrolimus_kikuchii,114.2566,24.72317
197,197,WLS110721.028,Lasiocampidae_Dendrolimus_superans,117.45,40.63
198,198,DLS110710.045,Lasiocampidae_Malacosoma_neustria,115.4866,39.95145
199,199,ZSMS170808.015,Lasiocampidae_Euthrix_laeta,121.0675,29.74611
200,200,QDLS170407.0008,Lasiocampidae_Dendrolimus_tabulaeformis,109.8961,18.67
201,201,GSWDS170618.0005,Lasiocampidae_Dendrolimus_tabulaeformis,107.9114,21.91278
202,202,GYSGY150718.017,Lasiocampidae_Dendrolimus_kikuchii,110.2454,24.20921
203,203,WLS130721.100,Lasiocampidae_Gastropacha_quercifolia,117.45,40.63
204,204,DLS160813.S17,Lasiocampidae_Paralebeda_femorata,115.4866,39.95145
205,205,JF170810.025,Lasiocampidae_Dendrolimus_tabulaeformis,116.0983,40.06593
206,206,GSWDS150607.007,Lasiocampidae_Euthrix_isocyma,107.9114,21.91278
207,207,SS110719.293,Lasiocampidae_Dendrolimus_superans,115.79,40.51
208,208,GMES150726.002,Lasiocampidae_Dendrolimus_kikuchii,110.3993,25.80374
209,209,SS110702.032,Lasiocampidae_Malacosoma_neustria,115.79,40.51
210,210,JG110812.215,Lasiocampidae_Dendrolimus_tabulaeformis,116.032,40.06242
211,211,GSWDS150606.005,Lasiocampidae_Gastropacha_quercifolia,107.9114,21.91278
212,212,SS110803.050,Lasiocampidae_Gastropacha_populifolia,115.79,40.51
213,213,QWZS170408.0002,Lasiocampidae_Dendrolimus_tabulaeformis,109.6794,18.90667
214,214,LBGM100726.271,Lasiocampidae_Dendrolimus_superans,116.5,40.95
215,215,WLS130721.295,Lasiocampidae_Gastropacha_quercifolia,117.45,40.63
216,216,GNG170416.0006,Lasiocampidae_Gastropacha_populifolia,106.9575,22.47444
217,217,MJNX160602.005,Lasiocampidae_Dendrolimus_kikuchii,116.8033,26.83964
218,218,WLS130803.088,Lasiocampidae_Dendrolimus_superans,117.45,40.63
219,219,LBGM100726.034,Lasiocampidae_Dendrolimus_superans,116.5,40.95
220,220,GMES150723.010,Lasiocampidae_Dendrolimus_punctatus,110.3993,25.80374
221,221,GJWS150725.004,Lasiocampidae_Dendrolimus_kikuchii,108.6275,25.30734
222,222,LBGM100726.031,Lasiocampidae_Dendrolimus_superans,116.5,40.95
223,223,WLS110721.069,Lasiocampidae_Gastropacha_quercifolia,117.45,40.63
224,224,YSCD170604.002,Lasiocampidae_Dendrolimus_tabulaeformis,112.8231,21.74278
225,225,WLS110721.116,Lasiocampidae_Gastropacha_quercifolia,117.45,40.63
226,226,WLS110721.058,Lasiocampidae_Dendrolimus_superans,117.45,40.63
227,227,GNG170416.0011,Lasiocampidae_Odonestis_pruni,106.9575,22.47444
228,228,JG170812.031,Lasiocampidae_Gastropacha_quercifolia,116.032,40.06242
229,229,DLS110709.039,Lasiocampidae_Odonestis_pruni,115.4866,39.95145
230,230,BHS170801.S2,Lasiocampidae_Paralebeda_lucifuga,115.5576,39.85411
231,231,GSWDS170618.0004,Lasiocampidae_Dendrolimus_tabulaeformis,107.9114,21.91278
232,232,YSCD150605.533,Lasiocampidae_Dendrolimus_punctatus,112.8231,21.74278
233,233,GSWDS170415.0007,Lasiocampidae_Dendrolimus_tabulaeformis,107.9114,21.91278
234,234,YTLDS150609.1143,Lasiocampidae_Euthrix_inobtrusa,111.3853,23.19772
235,235,YCBL150530.1343,Lasiocampidae_Dendrolimus_kikuchii,114.2566,24.72317
236,236,SS110719.329,Lasiocampidae_Paralebeda_femorata,115.79,40.51
237,237,GJWS150726.018,Lasiocampidae_Paralebeda_femorata,108.6275,25.30734
238,238,LBGM170814.004,Lasiocampidae_Gastropacha_populifolia,116.5,40.95
239,239,SS110719.292,Lasiocampidae_Dendrolimus_superans,115.79,40.51
240,240,GSWDS150606.003,Lasiocampidae_Trabala_vishnou,107.9114,21.91278
241,241,GMES150725.005,Lasiocampidae_Trabala_vishnou,110.3993,25.80374
242,242,JG170726.S2,Lasiocampidae_Dendrolimus_tabulaeformis,116.032,40.06242
243,243,SS110719.291,Lasiocampidae_Gastropacha_quercifolia,115.79,40.51
244,244,JG170726.S8,Lasiocampidae_Dendrolimus_tabulaeformis,116.032,40.06242
245,245,DLS170715.S2,Lasiocampidae_Paralebeda_femorata,115.4866,39.95145
246,246,LBGM110730.111,Lasiocampidae_Paralebeda_lucifuga,116.5,40.95
247,247,MJNX160603.004,Lasiocampidae_Odontocraspis_hasora,116.8033,26.83964
248,248,LBGM170815.S16,Lasiocampidae_Gastropacha_populifolia,116.5,40.95
249,249,GMES150725.002,Lasiocampidae_Euthrix_inobtrusa,110.3993,25.80374
250,250,LBGM170815.S1,Lasiocampidae_Paralebeda_lucifuga,116.5,40.95
251,251,JG110803.032,Lasiocampidae_Dendrolimus_tabulaeformis,116.032,40.06242
252,252,YSCD150604.701,Lasiocampidae_Dendrolimus_punctatus,112.8231,21.74278
253,253,YSCD150604.703,Lasiocampidae_Dendrolimus_punctatus,112.8231,21.74278
254,254,ZHDS170806.012,Lasiocampidae_Cosmotriche_inexperta,121.0928,29.25333
255,255,SS110703.117,Lasiocampidae_Malacosoma_neustria,115.79,40.51
256,256,SS110803.308,Lasiocampidae_Gastropacha_populifolia,115.79,40.51
257,257,LBGM170814.005,Lasiocampidae_Gastropacha_populifolia,116.5,40.95
258,258,LBGM170814.003,Lasiocampidae_Gastropacha_populifolia,116.5,40.95
259,259,GDYS150720.0063,Lasiocampidae_Dendrolimus_kikuchii,110.0239,24.14524
260,260,WLS100722.200,Lasiocampidae_Gastropacha_quercifolia,117.45,40.63
261,261,SS110719.328,Lasiocampidae_Dendrolimus_superans,115.79,40.51
262,262,MLQS170522.0025,Lasiocampidae_Estigena_philippinensis,117.2933,26.51167
263,263,GJWS150726.009,Lasiocampidae_Dendrolimus_kikuchii,108.6275,25.30734
264,264,JG110802.017,Lasiocampidae_Dendrolimus_tabulaeformis,116.032,40.06242
265,265,SS130722.316,Lasiocampidae_Gastropacha_populifolia,115.79,40.51
266,266,BHS170801.S5,Lasiocampidae_Paralebeda_lucifuga,115.5576,39.85411
267,267,GSWDS170618.0002,Lasiocampidae_Dendrolimus_tabulaeformis,107.9114,21.91278
268,268,GJHC170418.0004,Lasiocampidae_Malacosoma_neustria,108.1103,21.74722
269,269,WLS110721.181,Lasiocampidae_Gastropacha_quercifolia,117.45,40.63
270,270,GMES150726.001,Lasiocampidae_Dendrolimus_angulata,110.3993,25.80374
271,271,SS100718.034,Lasiocampidae_Dendrolimus_superans,115.79,40.51
272,272,JG170812.027,Lasiocampidae_Gastropacha_quercifolia,116.032,40.06242
273,273,JG170726.S3,Lasiocampidae_Dendrolimus_tabulaeformis,116.032,40.06242
274,274,SS130805.525,Lasiocampidae_Gastropacha_quercifolia,115.79,40.51
275,275,SS110719.294,Lasiocampidae_Dendrolimus_superans,115.79,40.51
276,276,DLS110924.025,Lasiocampidae_Trabala_vishnou,115.4866,39.95145
277,277,SS110719.309,Lasiocampidae_Gastropacha_quercifolia,115.79,40.51
278,278,ZTMS170519.0012,Lasiocampidae_Dendrolimus_tabulaeformis,119.5629,30.36806
279,279,GLHS150721.025,Lasiocampidae_Dendrolimus_punctatus,110.1087,24.15459
280,280,WLS110721.513,Lasiocampidae_Odonestis_pruni,117.45,40.63
281,281,WLS110721.029,Lasiocampidae_Dendrolimus_superans,117.45,40.63
282,282,SS110719.315,Lasiocampidae_Gastropacha_quercifolia,115.79,40.51
283,283,SS110702.200,Lasiocampidae_Malacosoma_neustria,115.79,40.51
284,284,GSWDS170615.0006,Lasiocampidae_Dendrolimus_tabulaeformis,107.9114,21.91278
285,285,SS110718.169,Lasiocampidae_Paralebeda_femorata,115.79,40.51
286,286,GJHC170418.0006,Lasiocampidae_Malacosoma_neustria,108.1103,21.74722
287,287,JG110812.181,Lasiocampidae_Gastropacha_populifolia,116.032,40.06242
288,288,JG170812.033,Lasiocampidae_Gastropacha_quercifolia,116.032,40.06242
289,289,WLS170718.047,Lasiocampidae_Gastropacha_populifolia,117.45,40.63
290,290,SS110719.099,Lasiocampidae_Malacosoma_neustria,115.79,40.51
291,291,SS110719.310,Lasiocampidae_Paralebeda_femorata,115.79,40.51
292,292,WLS130721.012,Lasiocampidae_Gastropacha_quercifolia,117.45,40.63
293,293,BHS170801.S3,Lasiocampidae_Paralebeda_lucifuga,115.5576,39.85411
294,294,SS110719.300,Lasiocampidae_Paralebeda_femorata,115.79,40.51
295,295,SS110719.290,Lasiocampidae_Paralebeda_femorata,115.79,40.51
296,296,LBGM100726.040,Lasiocampidae_Dendrolimus_superans,116.5,40.95
297,297,GLHS150721.015,Lasiocampidae_Paralebeda_femorata,110.1087,24.15459
298,298,LBGM170815.S10,Lasiocampidae_Gastropacha_populifolia,116.5,40.95
299,299,GSWDS170413.0005,Lasiocampidae_Dendrolimus_tabulaeformis,107.9114,21.91278
300,300,LBGM170814.001,Lasiocampidae_Gastropacha_populifolia,116.5,40.95
