,no.,seqIDs,species,ANT,TS,TAR,AP,PS
1,1,SS110718.176,Lasiocampidae_Gastropacha_quercifolia,59,11683,434,459,106
2,2,GDYS150720.0052,Lasiocampidae_Dendrolimus_punctatus,202,6407,258,1531,63
3,3,QYGL150605.1549,Lasiocampidae_Alompra_ferruginea,232,3335,176,1647,77
4,4,SS110719.312,Lasiocampidae_Paralebeda_femorata,59,11683,434,459,106
5,5,WLS110721.044,Lasiocampidae_Odonestis_pruni,75,11376,437,571,123
6,6,SS100718.004,Lasiocampidae_Gastropacha_quercifolia,59,11683,434,459,106
7,7,WLS110721.054,Lasiocampidae_Dendrolimus_superans,75,11376,437,571,123
8,8,LBGM170814.007,Lasiocampidae_Gastropacha_populifolia,63,11600,448,496,115
9,9,SS110719.302,Lasiocampidae_Paralebeda_femorata,59,11683,434,459,106
10,10,JG170726.S10,Lasiocampidae_Dendrolimus_tabulaeformis,72,11146,421,544,121
11,11,DLS110924.031,Lasiocampidae_Trabala_vishnou,76,11277,430,495,114
12,12,QDLS170612.0010,Lasiocampidae_Odonestis_pruni,225,2912,161,1778,76
13,13,WLS110721.180,Lasiocampidae_Gastropacha_quercifolia,75,11376,437,571,123
14,14,JG170812.038,Lasiocampidae_Gastropacha_quercifolia,72,11146,421,544,121
15,15,GSWDS150606.004,Lasiocampidae_Dendrolimus_kikuchii,202,4961,207,1986,81
16,16,GJWS150724.007,Lasiocampidae_Dendrolimus_kikuchii,151,6440,258,1491,63
17,17,JMH170609.019,Lasiocampidae_Odonestis_pruni,105,9410,373,660,81
18,18,GLHS150721.022,Lasiocampidae_Euthrix_laeta,169,6168,251,1556,64
19,19,GYSGY150718.013,Lasiocampidae_Dendrolimus_kikuchii,160,6152,251,1589,64
20,20,GSWDS170413.0008,Lasiocampidae_Dendrolimus_tabulaeformis,202,4961,207,1986,81
21,21,SS110702.046,Lasiocampidae_Malacosoma_neustria,59,11683,434,459,106
22,22,WLS110721.501,Lasiocampidae_Dendrolimus_superans,75,11376,437,571,123
23,23,SS100718.045,Lasiocampidae_Dendrolimus_superans,59,11683,434,459,106
24,24,SS110719.313,Lasiocampidae_Paralebeda_femorata,59,11683,434,459,106
25,25,ZTMS170520.0012,Lasiocampidae_Gastropacha_populifolia,143,8375,317,1450,49
26,26,GSWDS170618.0001,Lasiocampidae_Dendrolimus_tabulaeformis,202,4961,207,1986,81
27,27,LBGM100726.014,Lasiocampidae_Dendrolimus_superans,63,11600,448,496,115
28,28,JG110802.003,Lasiocampidae_Dendrolimus_tabulaeformis,72,11146,421,544,121
29,29,GJHC170418.0007,Lasiocampidae_Malacosoma_neustria,228,5040,207,2333,85
30,30,GDYS150720.0064,Lasiocampidae_Dendrolimus_punctatus,202,6407,258,1531,63
31,31,DLS170715.S3,Lasiocampidae_Gastropacha_populifolia,76,11277,430,495,114
32,32,QWZS170608.012,Lasiocampidae_Odonestis_pruni,203,3022,165,1861,77
33,33,DLS170715.S1,Lasiocampidae_Gastropacha_quercifolia,76,11277,430,495,114
34,34,SS110719.326,Lasiocampidae_Paralebeda_femorata,59,11683,434,459,106
35,35,GJHC170418.0001,Lasiocampidae_Dendrolimus_tabulaeformis,228,5040,207,2333,85
36,36,SS110702.089,Lasiocampidae_Malacosoma_neustria,59,11683,434,459,106
37,37,SS110702.180,Lasiocampidae_Malacosoma_neustria,59,11683,434,459,106
38,38,WLS110721.037,Lasiocampidae_Dendrolimus_superans,75,11376,437,571,123
39,39,GSWDS150606.001,Lasiocampidae_Dendrolimus_kikuchii,202,4961,207,1986,81
40,40,SS110719.308,Lasiocampidae_Paralebeda_femorata,59,11683,434,459,106
41,41,SS130722.100,Lasiocampidae_Gastropacha_quercifolia,59,11683,434,459,106
42,42,DLS170725.S4,Lasiocampidae_Gastropacha_quercifolia,76,11277,430,495,114
43,43,BHS100703.004,Lasiocampidae_Gastropacha_populifolia,71,11232,427,517,115
44,44,GSWDS150607.005,Lasiocampidae_Dendrolimus_punctatus,202,4961,207,1986,81
45,45,WLS130803.098,Lasiocampidae_Dendrolimus_superans,75,11376,437,571,123
46,46,LBGM170815.S3,Lasiocampidae_Gastropacha_populifolia,63,11600,448,496,115
47,47,JG170726.S7,Lasiocampidae_Dendrolimus_tabulaeformis,72,11146,421,544,121
48,48,LBGM170815.S5,Lasiocampidae_Gastropacha_populifolia,63,11600,448,496,115
49,49,JG170812.022,Lasiocampidae_Gastropacha_quercifolia,72,11146,421,544,121
50,50,JF170727.S1,Lasiocampidae_Gastropacha_quercifolia,118,10836,412,694,148
51,51,GMES150723.014,Lasiocampidae_Paralebeda_femorata,127,6936,270,1649,55
52,52,YSCD150604.704,Lasiocampidae_Dendrolimus_punctatus,224,4821,190,1999,73
53,53,WLS110721.009,Lasiocampidae_Gastropacha_populifolia,75,11376,437,571,123
54,54,YSCD150605.527,Lasiocampidae_Euthrix_isocyma,224,4821,190,1999,73
55,55,YTLDS150609.1142,Lasiocampidae_Euthrix_inobtrusa,210,5579,242,1485,66
56,56,GLFJ170412.0004,Lasiocampidae_Dendrolimus_tabulaeformis,223,5539,225,1378,66
57,57,LBGM170815.S12,Lasiocampidae_Gastropacha_populifolia,63,11600,448,496,115
58,58,LBGM170814.006,Lasiocampidae_Gastropacha_populifolia,63,11600,448,496,115
59,59,GJWS150725.007,Lasiocampidae_Paralebeda_femorata,151,6440,258,1491,63
60,60,WLS110721.031,Lasiocampidae_Odonestis_pruni,75,11376,437,571,123
61,61,WLS110721.362,Lasiocampidae_Gastropacha_populifolia,75,11376,437,571,123
62,62,SS100718.054,Lasiocampidae_Dendrolimus_superans,59,11683,434,459,106
63,63,WLS130721.050,Lasiocampidae_Dendrolimus_superans,75,11376,437,571,123
64,64,WLS130803.443,Lasiocampidae_Gastropacha_quercifolia,75,11376,437,571,123
65,65,GJWS150724.005,Lasiocampidae_Trabala_vishnou,151,6440,258,1491,63
66,66,YSCD170606.005,Lasiocampidae_Dendrolimus_tabulaeformis,224,4821,190,1999,73
67,67,LBGM170815.S11,Lasiocampidae_Gastropacha_populifolia,63,11600,448,496,115
68,68,SS110719.331,Lasiocampidae_Dendrolimus_superans,59,11683,434,459,106
69,69,WLS110821.110,Lasiocampidae_Gastropacha_populifolia,75,11376,437,571,123
70,70,GNG170416.0003,Lasiocampidae_Gastropacha_populifolia,223,5204,224,1383,73
71,71,YSCD150604.705,Lasiocampidae_Dendrolimus_punctatus,224,4821,190,1999,73
72,72,GLHS150721.010,Lasiocampidae_Dendrolimus_kikuchii,169,6168,251,1556,64
73,73,JG170812.028,Lasiocampidae_Dendrolimus_tabulaeformis,72,11146,421,544,121
74,74,SS100718.449,Lasiocampidae_Gastropacha_quercifolia,59,11683,434,459,106
75,75,JG170812.030,Lasiocampidae_Gastropacha_quercifolia,72,11146,421,544,121
76,76,JG110803.018,Lasiocampidae_Dendrolimus_superans,72,11146,421,544,121
77,77,WLS130721.056,Lasiocampidae_Odonestis_pruni,75,11376,437,571,123
78,78,WLS130721.062,Lasiocampidae_Gastropacha_quercifolia,75,11376,437,571,123
79,79,GDYS150719.005,Lasiocampidae_Dendrolimus_kikuchii,202,6407,258,1531,63
80,80,GLHS150721.002,Lasiocampidae_Trabala_vishnou,169,6168,251,1556,64
81,81,JG170812.021,Lasiocampidae_Gastropacha_quercifolia,72,11146,421,544,121
82,82,LBGM100726.030,Lasiocampidae_Dendrolimus_superans,63,11600,448,496,115
83,83,WLS130721.013,Lasiocampidae_Gastropacha_quercifolia,75,11376,437,571,123
84,84,GSWDS170615.0011,Lasiocampidae_Gastropacha_populifolia,202,4961,207,1986,81
85,85,WLS110721.016,Lasiocampidae_Odonestis_pruni,75,11376,437,571,123
86,86,WLS110721.017,Lasiocampidae_Gastropacha_quercifolia,75,11376,437,571,123
87,87,BHS170801.S4,Lasiocampidae_Paralebeda_femorata,71,11232,427,517,115
88,88,GDYS150720.0058,Lasiocampidae_Dendrolimus_punctatus,202,6407,258,1531,63
89,89,SS110719.325,Lasiocampidae_Gastropacha_quercifolia,59,11683,434,459,106
90,90,SS110803.061,Lasiocampidae_Dendrolimus_tabulaeformis,59,11683,434,459,106
91,91,GLHS150721.027,Lasiocampidae_Dendrolimus_punctatus,169,6168,251,1556,64
92,92,JG170812.023,Lasiocampidae_Gastropacha_quercifolia,72,11146,421,544,121
93,93,JG170812.034,Lasiocampidae_Gastropacha_quercifolia,72,11146,421,544,121
94,94,GSWDS150607.006,Lasiocampidae_Euthrix_laeta,202,4961,207,1986,81
95,95,DLS170725.S3,Lasiocampidae_Gastropacha_populifolia,76,11277,430,495,114
96,96,QJFL170329.0001,Lasiocampidae_Odonestis_pruni,239,3528,182,1501,77
97,97,WLS170718.039,Lasiocampidae_Paralebeda_lucifuga,75,11376,437,571,123
98,98,WLS110721.062,Lasiocampidae_Paralebeda_femorata,75,11376,437,571,123
99,99,WLS110721.078,Lasiocampidae_Gastropacha_quercifolia,75,11376,437,571,123
100,100,SS110702.203,Lasiocampidae_Malacosoma_neustria,59,11683,434,459,106
101,101,LBGM170720.S2,Lasiocampidae_Gastropacha_quercifolia,63,11600,448,496,115
102,102,SS110719.287,Lasiocampidae_Gastropacha_quercifolia,59,11683,434,459,106
103,103,WLS130721.001,Lasiocampidae_Paralebeda_femorata,75,11376,437,571,123
104,104,LBGM100726.274,Lasiocampidae_Gastropacha_quercifolia,63,11600,448,496,115
105,105,WLS110721.005,Lasiocampidae_Malacosoma_neustria,75,11376,437,571,123
106,106,SS110719.306,Lasiocampidae_Paralebeda_femorata,59,11683,434,459,106
107,107,ZDSD170812.010,Lasiocampidae_Euthrix_laeta,164,7669,280,1172,36
108,108,BHS100703.297,Lasiocampidae_Dendrolimus_tabulaeformis,71,11232,427,517,115
109,109,ZHDS170805.003,Lasiocampidae_Dendrolimus_kikuchii,136,7740,295,1708,46
110,110,SS110803.131,Lasiocampidae_Paralebeda_femorata,59,11683,434,459,106
111,111,WLS110721.019,Lasiocampidae_Gastropacha_quercifolia,75,11376,437,571,123
112,112,JWML170612.0002,Lasiocampidae_Gastropacha_populifolia,89,9646,399,678,91
113,113,WLS130721.146,Lasiocampidae_Gastropacha_quercifolia,75,11376,437,571,123
114,114,SS110718.175,Lasiocampidae_Gastropacha_quercifolia,59,11683,434,459,106
115,115,LBGM170720.S1,Lasiocampidae_Gastropacha_quercifolia,63,11600,448,496,115
116,116,DLS170725.S1,Lasiocampidae_Gastropacha_populifolia,76,11277,430,495,114
117,117,SS110803.052,Lasiocampidae_Gastropacha_populifolia,59,11683,434,459,106
118,118,WLS130721.404,Lasiocampidae_Gastropacha_quercifolia,75,11376,437,571,123
119,119,SS110719.301,Lasiocampidae_Gastropacha_quercifolia,59,11683,434,459,106
120,120,GDYS150720.0055,Lasiocampidae_Radhica_puana,202,6407,258,1531,63
121,121,WLS130803.091,Lasiocampidae_Gastropacha_quercifolia,75,11376,437,571,123
122,122,GSWDS170415.0006,Lasiocampidae_Dendrolimus_tabulaeformis,202,4961,207,1986,81
123,123,ZSJS170805.001,Lasiocampidae_Euthrix_laeta,165,7577,272,1001,34
124,124,GSWDS150607.004,Lasiocampidae_Dendrolimus_punctatus,202,4961,207,1986,81
125,125,JG170812.018,Lasiocampidae_Gastropacha_quercifolia,72,11146,421,544,121
126,126,WLS110721.111,Lasiocampidae_Odonestis_pruni,75,11376,437,571,123
127,127,SS110719.299,Lasiocampidae_Dendrolimus_superans,59,11683,434,459,106
128,128,LBGM170815.S2,Lasiocampidae_Dendrolimus_superans,63,11600,448,496,115
129,129,YSCD150604.699,Lasiocampidae_Dendrolimus_punctatus,224,4821,190,1999,73
130,130,LBGM170815.S4,Lasiocampidae_Gastropacha_populifolia,63,11600,448,496,115
131,131,WLS130721.041,Lasiocampidae_Dendrolimus_superans,75,11376,437,571,123
132,132,SS100718.473,Lasiocampidae_Dendrolimus_superans,59,11683,434,459,106
133,133,SS130805.457,Lasiocampidae_Paralebeda_femorata,59,11683,434,459,106
134,134,JF170810.026,Lasiocampidae_Gastropacha_quercifolia,118,10836,412,694,148
135,135,GSWDS170415.0003,Lasiocampidae_Dendrolimus_tabulaeformis,202,4961,207,1986,81
136,136,GSWDS170415.0008,Lasiocampidae_Dendrolimus_tabulaeformis,202,4961,207,1986,81
137,137,LBGM100726.052,Lasiocampidae_Dendrolimus_superans,63,11600,448,496,115
138,138,QBWL150603.969,Lasiocampidae_Euthrix_isocyma,211,3310,171,1583,81
139,139,GMES150723.003,Lasiocampidae_Paralebeda_femorata,127,6936,270,1649,55
140,140,WLS130803.097,Lasiocampidae_Gastropacha_quercifolia,75,11376,437,571,123
141,141,GJWS150725.016,Lasiocampidae_Dendrolimus_kikuchii,151,6440,258,1491,63
142,142,JG170812.036,Lasiocampidae_Gastropacha_quercifolia,72,11146,421,544,121
143,143,GNG150608.006,Lasiocampidae_Micropacha_gejra,223,5204,224,1383,73
144,144,SS100718.040,Lasiocampidae_Dendrolimus_superans,59,11683,434,459,106
145,145,YSCD150605.532,Lasiocampidae_Dendrolimus_punctatus,224,4821,190,1999,73
146,146,JG170726.S9,Lasiocampidae_Dendrolimus_tabulaeformis,72,11146,421,544,121
147,147,BHS170801.S1,Lasiocampidae_Paralebeda_lucifuga,71,11232,427,517,115
148,148,SS100718.457,Lasiocampidae_Gastropacha_quercifolia,59,11683,434,459,106
149,149,JG170812.037,Lasiocampidae_Gastropacha_quercifolia,72,11146,421,544,121
150,150,ZSMS170810.002,Lasiocampidae_Euthrix_laeta,132,7925,302,1590,45
151,151,ZTTS170506.0009,Lasiocampidae_Syrastrena_sumatrana,155,7846,287,1435,41
152,152,JG110803.031,Lasiocampidae_Dendrolimus_tabulaeformis,72,11146,421,544,121
153,153,GSWDS150606.006,Lasiocampidae_Dendrolimus_kikuchii,202,4961,207,1986,81
154,154,SS110719.007,Lasiocampidae_Dendrolimus_tabulaeformis,59,11683,434,459,106
155,155,SS110702.052,Lasiocampidae_Malacosoma_neustria,59,11683,434,459,106
156,156,LBGM100726.039,Lasiocampidae_Gastropacha_quercifolia,63,11600,448,496,115
157,157,SS130722.014,Lasiocampidae_Gastropacha_quercifolia,59,11683,434,459,106
158,158,YXCD150606.0629,Lasiocampidae_Streblote_igniflua,226,4767,190,2058,73
159,159,LBGM170814.002,Lasiocampidae_Paralebeda_femorata,63,11600,448,496,115
160,160,DLS110924.030,Lasiocampidae_Trabala_vishnou,76,11277,430,495,114
161,161,GJWS150723.003,Lasiocampidae_Dendrolimus_punctatus,151,6440,258,1491,63
162,162,YSCD150604.698,Lasiocampidae_Dendrolimus_punctatus,224,4821,190,1999,73
163,163,LBGM100726.015,Lasiocampidae_Dendrolimus_superans,63,11600,448,496,115
164,164,ZSMS170810.001,Lasiocampidae_Euthrix_laeta,132,7925,302,1590,45
165,165,WLS170718.044,Lasiocampidae_Gastropacha_quercifolia,75,11376,437,571,123
166,166,QWZS170608.005,Lasiocampidae_Odonestis_pruni,203,3022,165,1861,77
167,167,SS110702.049,Lasiocampidae_Malacosoma_neustria,59,11683,434,459,106
168,168,GDYS150720.0053,Lasiocampidae_Dendrolimus_punctatus,202,6407,258,1531,63
169,169,GJWS150726.027,Lasiocampidae_Kunugia_undans,151,6440,258,1491,63
170,170,WLS130721.253,Lasiocampidae_Gastropacha_quercifolia,75,11376,437,571,123
171,171,YSCD150605.534,Lasiocampidae_Dendrolimus_punctatus,224,4821,190,1999,73
172,172,GSWDS170415.0009,Lasiocampidae_Paralebeda_femorata,202,4961,207,1986,81
173,173,QWZS170408.0001,Lasiocampidae_Trabala_vishnou,203,3022,165,1861,77
174,174,ZHDS170807.003,Lasiocampidae_Euthrix_laeta,136,7740,295,1708,46
175,175,SS110803.062,Lasiocampidae_Dendrolimus_tabulaeformis,59,11683,434,459,106
176,176,YSCD150605.529,Lasiocampidae_Dendrolimus_kikuchii,224,4821,190,1999,73
177,177,LBGM100726.049,Lasiocampidae_Gastropacha_quercifolia,63,11600,448,496,115
178,178,WLS110721.020,Lasiocampidae_Odonestis_pruni,75,11376,437,571,123
179,179,GJHC170418.0002,Lasiocampidae_Dendrolimus_tabulaeformis,228,5040,207,2333,85
180,180,JG170812.029,Lasiocampidae_Gastropacha_quercifolia,72,11146,421,544,121
181,181,SS110718.133,Lasiocampidae_Malacosoma_neustria,59,11683,434,459,106
182,182,WLS110721.006,Lasiocampidae_Paralebeda_lucifuga,75,11376,437,571,123
183,183,GNG170416.0008,Lasiocampidae_Odonestis_pruni,223,5204,224,1383,73
184,184,WLS170718.046,Lasiocampidae_Gastropacha_quercifolia,75,11376,437,571,123
185,185,LBGM170815.S7,Lasiocampidae_Gastropacha_populifolia,63,11600,448,496,115
186,186,GSWDS150606.002,Lasiocampidae_Dendrolimus_kikuchii,202,4961,207,1986,81
187,187,WLS110721.049,Lasiocampidae_Paralebeda_femorata,75,11376,437,571,123
188,188,YTLDS150609.1144,Lasiocampidae_Dendrolimus_kikuchii,210,5579,242,1485,66
189,189,YSCD150605.531,Lasiocampidae_Dendrolimus_punctatus,224,4821,190,1999,73
190,190,DLS170730.S1,Lasiocampidae_Paralebeda_lucifuga,76,11277,430,495,114
191,191,LBGM100726.041,Lasiocampidae_Dendrolimus_superans,63,11600,448,496,115
192,192,GJWS150723.004,Lasiocampidae_Paralebeda_femorata,151,6440,258,1491,63
193,193,GSWDS170413.0006,Lasiocampidae_Dendrolimus_tabulaeformis,202,4961,207,1986,81
194,194,LBGM170720.S4,Lasiocampidae_Gastropacha_populifolia,63,11600,448,496,115
195,195,LBGM100726.035,Lasiocampidae_Dendrolimus_superans,63,11600,448,496,115
196,196,YCBL150530.1345,Lasiocampidae_Dendrolimus_kikuchii,185,6365,267,1771,62
197,197,WLS110721.028,Lasiocampidae_Dendrolimus_superans,75,11376,437,571,123
198,198,DLS110710.045,Lasiocampidae_Malacosoma_neustria,76,11277,430,495,114
199,199,ZSMS170808.015,Lasiocampidae_Euthrix_laeta,132,7925,302,1590,45
200,200,QDLS170407.0008,Lasiocampidae_Dendrolimus_tabulaeformis,225,2912,161,1778,76
201,201,GSWDS170618.0005,Lasiocampidae_Dendrolimus_tabulaeformis,202,4961,207,1986,81
202,202,GYSGY150718.017,Lasiocampidae_Dendrolimus_kikuchii,160,6152,251,1589,64
203,203,WLS130721.100,Lasiocampidae_Gastropacha_quercifolia,75,11376,437,571,123
204,204,DLS160813.S17,Lasiocampidae_Paralebeda_femorata,76,11277,430,495,114
205,205,JF170810.025,Lasiocampidae_Dendrolimus_tabulaeformis,118,10836,412,694,148
206,206,GSWDS150607.007,Lasiocampidae_Euthrix_isocyma,202,4961,207,1986,81
207,207,SS110719.293,Lasiocampidae_Dendrolimus_superans,59,11683,434,459,106
208,208,GMES150726.002,Lasiocampidae_Dendrolimus_kikuchii,127,6936,270,1649,55
209,209,SS110702.032,Lasiocampidae_Malacosoma_neustria,59,11683,434,459,106
210,210,JG110812.215,Lasiocampidae_Dendrolimus_tabulaeformis,72,11146,421,544,121
211,211,GSWDS150606.005,Lasiocampidae_Gastropacha_quercifolia,202,4961,207,1986,81
212,212,SS110803.050,Lasiocampidae_Gastropacha_populifolia,59,11683,434,459,106
213,213,QWZS170408.0002,Lasiocampidae_Dendrolimus_tabulaeformis,203,3022,165,1861,77
214,214,LBGM100726.271,Lasiocampidae_Dendrolimus_superans,63,11600,448,496,115
215,215,WLS130721.295,Lasiocampidae_Gastropacha_quercifolia,75,11376,437,571,123
216,216,GNG170416.0006,Lasiocampidae_Gastropacha_populifolia,223,5204,224,1383,73
217,217,MJNX160602.005,Lasiocampidae_Dendrolimus_kikuchii,183,7316,303,1768,62
218,218,WLS130803.088,Lasiocampidae_Dendrolimus_superans,75,11376,437,571,123
219,219,LBGM100726.034,Lasiocampidae_Dendrolimus_superans,63,11600,448,496,115
220,220,GMES150723.010,Lasiocampidae_Dendrolimus_punctatus,127,6936,270,1649,55
221,221,GJWS150725.004,Lasiocampidae_Dendrolimus_kikuchii,151,6440,258,1491,63
222,222,LBGM100726.031,Lasiocampidae_Dendrolimus_superans,63,11600,448,496,115
223,223,WLS110721.069,Lasiocampidae_Gastropacha_quercifolia,75,11376,437,571,123
224,224,YSCD170604.002,Lasiocampidae_Dendrolimus_tabulaeformis,224,4821,190,1999,73
225,225,WLS110721.116,Lasiocampidae_Gastropacha_quercifolia,75,11376,437,571,123
226,226,WLS110721.058,Lasiocampidae_Dendrolimus_superans,75,11376,437,571,123
227,227,GNG170416.0011,Lasiocampidae_Odonestis_pruni,223,5204,224,1383,73
228,228,JG170812.031,Lasiocampidae_Gastropacha_quercifolia,72,11146,421,544,121
229,229,DLS110709.039,Lasiocampidae_Odonestis_pruni,76,11277,430,495,114
230,230,BHS170801.S2,Lasiocampidae_Paralebeda_lucifuga,71,11232,427,517,115
231,231,GSWDS170618.0004,Lasiocampidae_Dendrolimus_tabulaeformis,202,4961,207,1986,81
232,232,YSCD150605.533,Lasiocampidae_Dendrolimus_punctatus,224,4821,190,1999,73
233,233,GSWDS170415.0007,Lasiocampidae_Dendrolimus_tabulaeformis,202,4961,207,1986,81
234,234,YTLDS150609.1143,Lasiocampidae_Euthrix_inobtrusa,210,5579,242,1485,66
235,235,YCBL150530.1343,Lasiocampidae_Dendrolimus_kikuchii,185,6365,267,1771,62
236,236,SS110719.329,Lasiocampidae_Paralebeda_femorata,59,11683,434,459,106
237,237,GJWS150726.018,Lasiocampidae_Paralebeda_femorata,151,6440,258,1491,63
238,238,LBGM170814.004,Lasiocampidae_Gastropacha_populifolia,63,11600,448,496,115
239,239,SS110719.292,Lasiocampidae_Dendrolimus_superans,59,11683,434,459,106
240,240,GSWDS150606.003,Lasiocampidae_Trabala_vishnou,202,4961,207,1986,81
241,241,GMES150725.005,Lasiocampidae_Trabala_vishnou,127,6936,270,1649,55
242,242,JG170726.S2,Lasiocampidae_Dendrolimus_tabulaeformis,72,11146,421,544,121
243,243,SS110719.291,Lasiocampidae_Gastropacha_quercifolia,59,11683,434,459,106
244,244,JG170726.S8,Lasiocampidae_Dendrolimus_tabulaeformis,72,11146,421,544,121
245,245,DLS170715.S2,Lasiocampidae_Paralebeda_femorata,76,11277,430,495,114
246,246,LBGM110730.111,Lasiocampidae_Paralebeda_lucifuga,63,11600,448,496,115
247,247,MJNX160603.004,Lasiocampidae_Odontocraspis_hasora,183,7316,303,1768,62
248,248,LBGM170815.S16,Lasiocampidae_Gastropacha_populifolia,63,11600,448,496,115
249,249,GMES150725.002,Lasiocampidae_Euthrix_inobtrusa,127,6936,270,1649,55
250,250,LBGM170815.S1,Lasiocampidae_Paralebeda_lucifuga,63,11600,448,496,115
251,251,JG110803.032,Lasiocampidae_Dendrolimus_tabulaeformis,72,11146,421,544,121
252,252,YSCD150604.701,Lasiocampidae_Dendrolimus_punctatus,224,4821,190,1999,73
253,253,YSCD150604.703,Lasiocampidae_Dendrolimus_punctatus,224,4821,190,1999,73
254,254,ZHDS170806.012,Lasiocampidae_Cosmotriche_inexperta,136,7740,295,1708,46
255,255,SS110703.117,Lasiocampidae_Malacosoma_neustria,59,11683,434,459,106
256,256,SS110803.308,Lasiocampidae_Gastropacha_populifolia,59,11683,434,459,106
257,257,LBGM170814.005,Lasiocampidae_Gastropacha_populifolia,63,11600,448,496,115
258,258,LBGM170814.003,Lasiocampidae_Gastropacha_populifolia,63,11600,448,496,115
259,259,GDYS150720.0063,Lasiocampidae_Dendrolimus_kikuchii,202,6407,258,1531,63
260,260,WLS100722.200,Lasiocampidae_Gastropacha_quercifolia,75,11376,437,571,123
261,261,SS110719.328,Lasiocampidae_Dendrolimus_superans,59,11683,434,459,106
262,262,MLQS170522.0025,Lasiocampidae_Estigena_philippinensis,164,6422,273,1861,58
263,263,GJWS150726.009,Lasiocampidae_Dendrolimus_kikuchii,151,6440,258,1491,63
264,264,JG110802.017,Lasiocampidae_Dendrolimus_tabulaeformis,72,11146,421,544,121
265,265,SS130722.316,Lasiocampidae_Gastropacha_populifolia,59,11683,434,459,106
266,266,BHS170801.S5,Lasiocampidae_Paralebeda_lucifuga,71,11232,427,517,115
267,267,GSWDS170618.0002,Lasiocampidae_Dendrolimus_tabulaeformis,202,4961,207,1986,81
268,268,GJHC170418.0004,Lasiocampidae_Malacosoma_neustria,228,5040,207,2333,85
269,269,WLS110721.181,Lasiocampidae_Gastropacha_quercifolia,75,11376,437,571,123
270,270,GMES150726.001,Lasiocampidae_Dendrolimus_angulata,127,6936,270,1649,55
271,271,SS100718.034,Lasiocampidae_Dendrolimus_superans,59,11683,434,459,106
272,272,JG170812.027,Lasiocampidae_Gastropacha_quercifolia,72,11146,421,544,121
273,273,JG170726.S3,Lasiocampidae_Dendrolimus_tabulaeformis,72,11146,421,544,121
274,274,SS130805.525,Lasiocampidae_Gastropacha_quercifolia,59,11683,434,459,106
275,275,SS110719.294,Lasiocampidae_Dendrolimus_superans,59,11683,434,459,106
276,276,DLS110924.025,Lasiocampidae_Trabala_vishnou,76,11277,430,495,114
277,277,SS110719.309,Lasiocampidae_Gastropacha_quercifolia,59,11683,434,459,106
278,278,ZTMS170519.0012,Lasiocampidae_Dendrolimus_tabulaeformis,143,8375,317,1450,49
279,279,GLHS150721.025,Lasiocampidae_Dendrolimus_punctatus,169,6168,251,1556,64
280,280,WLS110721.513,Lasiocampidae_Odonestis_pruni,75,11376,437,571,123
281,281,WLS110721.029,Lasiocampidae_Dendrolimus_superans,75,11376,437,571,123
282,282,SS110719.315,Lasiocampidae_Gastropacha_quercifolia,59,11683,434,459,106
283,283,SS110702.200,Lasiocampidae_Malacosoma_neustria,59,11683,434,459,106
284,284,GSWDS170615.0006,Lasiocampidae_Dendrolimus_tabulaeformis,202,4961,207,1986,81
285,285,SS110718.169,Lasiocampidae_Paralebeda_femorata,59,11683,434,459,106
286,286,GJHC170418.0006,Lasiocampidae_Malacosoma_neustria,228,5040,207,2333,85
287,287,JG110812.181,Lasiocampidae_Gastropacha_populifolia,72,11146,421,544,121
288,288,JG170812.033,Lasiocampidae_Gastropacha_quercifolia,72,11146,421,544,121
289,289,WLS170718.047,Lasiocampidae_Gastropacha_populifolia,75,11376,437,571,123
290,290,SS110719.099,Lasiocampidae_Malacosoma_neustria,59,11683,434,459,106
291,291,SS110719.310,Lasiocampidae_Paralebeda_femorata,59,11683,434,459,106
292,292,WLS130721.012,Lasiocampidae_Gastropacha_quercifolia,75,11376,437,571,123
293,293,BHS170801.S3,Lasiocampidae_Paralebeda_lucifuga,71,11232,427,517,115
294,294,SS110719.300,Lasiocampidae_Paralebeda_femorata,59,11683,434,459,106
295,295,SS110719.290,Lasiocampidae_Paralebeda_femorata,59,11683,434,459,106
296,296,LBGM100726.040,Lasiocampidae_Dendrolimus_superans,63,11600,448,496,115
297,297,GLHS150721.015,Lasiocampidae_Paralebeda_femorata,169,6168,251,1556,64
298,298,LBGM170815.S10,Lasiocampidae_Gastropacha_populifolia,63,11600,448,496,115
299,299,GSWDS170413.0005,Lasiocampidae_Dendrolimus_tabulaeformis,202,4961,207,1986,81
300,300,LBGM170814.001,Lasiocampidae_Gastropacha_populifolia,63,11600,448,496,115
